REF_AREA;QUARTER;GDP_PER_CAPITA_USD_PPP;OBS_STATUS;REF_YEAR_PRICE
AUS;2025Q2;57827.2;A;2020.0
AUS;2025Q1;57443.6;A;2020.0
MEX;2023Q4;21608.0;P;2020.0
AUS;2024Q3;57526.3;A;2020.0
AUS;2024Q2;57576.3;A;2020.0
AUS;2024Q1;57602.8;A;2020.0
AUS;2023Q4;57796.6;A;2020.0
AUS;2023Q3;58071.7;A;2020.0
AUS;2023Q2;58209.9;A;2020.0
AUS;2023Q1;58264.4;A;2020.0
AUS;2025Q3;57815.7;A;2020.0
AUT;2023Q2;62879.0;A;2020.0
AUT;2023Q1;63727.8;A;2020.0
CHL;2025Q3;29215.2;A;2020.0
CHL;2025Q2;29355.4;A;2020.0
CHL;2025Q1;29312.8;A;2020.0
CHL;2024Q4;29051.0;A;2020.0
CAN;2025Q3;52271.1;A;2020.0
CAN;2025Q2;52084.5;A;2020.0
CAN;2024Q4;51978.0;A;2020.0
CAN;2025Q1;52248.8;A;2020.0
AUS;2024Q4;57594.2;A;2020.0
CAN;2023Q3;52206.9;A;2020.0
CAN;2023Q2;52603.4;A;2020.0
CAN;2023Q1;52820.1;A;2020.0
BEL;2023Q4;61811.3;A;2020.0
BEL;2023Q1;61630.0;A;2020.0
BEL;2023Q3;61695.2;A;2020.0
BEL;2023Q2;61693.8;A;2020.0
AUT;2025Q3;62429.0;A;2020.0
AUT;2025Q2;62258.9;A;2020.0
AUT;2025Q1;62196.3;A;2020.0
AUT;2024Q4;62004.5;A;2020.0
AUT;2024Q3;61800.0;A;2020.0
CZE;2025Q4;49562.6;A;2020.0
CZE;2023Q2;47381.4;A;2020.0
CZE;2025Q1;48472.5;A;2020.0
CZE;2024Q4;48133.8;A;2020.0
CZE;2024Q3;47774.6;A;2020.0
CZE;2024Q2;47575.0;A;2020.0
CZE;2024Q1;47339.5;A;2020.0
CZE;2023Q4;47250.3;A;2020.0
AUT;2023Q4;62068.1;A;2020.0
AUT;2023Q3;62472.0;A;2020.0
CRI;2024Q4;26586.5;A;2020.0
CRI;2023Q4;25757.6;A;2020.0
CRI;2025Q4;27564.5;A;2020.0
CRI;2025Q3;27408.5;A;2020.0
CRI;2024Q1;25967.2;A;2020.0
CRI;2024Q2;26207.3;A;2020.0
CRI;2025Q2;27252.2;A;2020.0
CRI;2025Q1;26713.0;A;2020.0
CRI;2024Q3;26297.5;A;2020.0
CRI;2023Q3;25601.9;A;2020.0
CRI;2023Q2;25420.9;A;2020.0
CRI;2023Q1;25073.3;A;2020.0
COL;2024Q4;18729.4;A;2020.0
COL;2024Q3;18464.3;A;2020.0
COL;2024Q2;18569.9;A;2020.0
COL;2024Q1;18441.1;A;2020.0
COL;2023Q4;18443.0;A;2020.0
COL;2023Q3;18337.9;A;2020.0
COL;2023Q2;18446.9;A;2020.0
COL;2023Q1;18636.5;A;2020.0
COL;2025Q3;18958.2;A;2020.0
COL;2025Q2;18722.8;A;2020.0
COL;2025Q1;18762.3;A;2020.0
CHL;2024Q3;28823.9;A;2020.0
CHL;2024Q2;28401.1;A;2020.0
CHL;2024Q1;28649.6;A;2020.0
HUN;2024Q2;40158.1;A;2020.0
FRA;2025Q3;55540.7;A;2020.0
CAN;2025Q4;52237.7;A;2020.0
CAN;2024Q3;51905.9;A;2020.0
CAN;2024Q2;51825.9;A;2020.0
CAN;2024Q1;51741.9;A;2020.0
CAN;2023Q4;51693.6;A;2020.0
FRA;2025Q1;55208.3;A;2020.0
FRA;2024Q4;55182.3;A;2020.0
FRA;2024Q3;55252.7;A;2020.0
FRA;2025Q2;55331.2;A;2020.0
FIN;2025Q1;53745.3;A;2020.0
FIN;2024Q4;53701.1;A;2020.0
FIN;2024Q1;53634.5;A;2020.0
FIN;2023Q4;53296.1;A;2020.0
FIN;2025Q4;53627.5;A;2020.0
FIN;2025Q3;53514.9;A;2020.0
FIN;2025Q2;53595.5;A;2020.0
FIN;2024Q3;53916.7;A;2020.0
FIN;2024Q2;53732.3;A;2020.0
FIN;2023Q3;53583.4;A;2020.0
FIN;2023Q2;54559.1;A;2020.0
FIN;2023Q1;54420.2;A;2020.0
EST;2025Q1;40963.7;A;2020.0
EST;2024Q4;40814.5;A;2020.0
EST;2024Q3;40810.5;A;2020.0
EST;2024Q2;40838.0;A;2020.0
EST;2024Q1;41073.2;A;2020.0
EST;2023Q4;41168.0;A;2020.0
EST;2023Q3;41037.0;A;2020.0
EST;2023Q2;41209.3;A;2020.0
EST;2023Q1;41294.0;A;2020.0
EST;2025Q4;41451.5;A;2020.0
EST;2025Q3;41344.7;A;2020.0
EST;2025Q2;41249.3;A;2020.0
DNK;2024Q1;67010.8;A;2020.0
DNK;2023Q4;66635.5;A;2020.0
DNK;2025Q4;70859.2;A;2020.0
DNK;2024Q2;68103.3;A;2020.0
AUT;2024Q2;61909.8;A;2020.0
AUT;2024Q1;62064.2;A;2020.0
DNK;2025Q1;68401.6;A;2020.0
CZE;2025Q2;48784.5;A;2020.0
ITA;2024Q3;51967.1;A;2020.0
ITA;2023Q3;51618.6;A;2020.0
ITA;2025Q4;52475.8;A;2020.0
ITA;2025Q3;52333.8;A;2020.0
ITA;2024Q2;51982.5;A;2020.0
ITA;2024Q1;51858.5;A;2020.0
ITA;2025Q2;52232.0;A;2020.0
ITA;2023Q2;51584.8;A;2020.0
ITA;2023Q1;51544.9;A;2020.0
ITA;2023Q4;51780.7;A;2020.0
ITA;2025Q1;52207.8;A;2020.0
ISR;2024Q3;45185.0;A;2020.0
ISR;2024Q2;44796.5;A;2020.0
ISR;2024Q1;44725.3;A;2020.0
ISR;2023Q4;43297.1;A;2020.0
ISR;2023Q3;46039.9;A;2020.0
ISR;2023Q2;46263.0;A;2020.0
ISR;2023Q1;46137.5;A;2020.0
ISR;2025Q3;46127.7;A;2020.0
ISR;2025Q2;44963.0;A;2020.0
ISR;2025Q1;45578.6;A;2020.0
ISR;2024Q4;45206.3;A;2020.0
IRL;2025Q1;129660.4;A;2020.0
IRL;2024Q4;119635.5;A;2020.0
IRL;2024Q3;116097.7;A;2020.0
IRL;2024Q2;109940.3;A;2020.0
IRL;2024Q1;111281.0;A;2020.0
IRL;2023Q4;108684.9;A;2020.0
IRL;2023Q3;112686.8;A;2020.0
IRL;2023Q2;115548.8;A;2020.0
IRL;2023Q1;115864.3;A;2020.0
IRL;2025Q4;121369.5;A;2020.0
IRL;2025Q3;126951.9;A;2020.0
CZE;2023Q3;47095.4;A;2020.0
CZE;2023Q1;47263.9;A;2020.0
CHL;2023Q4;28314.7;A;2020.0
CHL;2023Q3;28289.3;A;2020.0
CHL;2023Q2;28092.2;A;2020.0
CHL;2023Q1;28035.1;A;2020.0
CHL;2025Q4;29324.5;A;2020.0
HUN;2023Q2;39483.1;A;2020.0
HUN;2023Q3;40042.0;A;2020.0
NZL;2023Q4;48507.8;A;2020.0
NZL;2023Q3;48611.9;A;2020.0
NZL;2025Q4;47735.4;A;2020.0
NZL;2025Q3;47797.6;A;2020.0
NZL;2025Q2;47438.8;A;2020.0
IRL;2025Q2;127893.5;A;2020.0
LUX;2024Q4;119030.7;A;2020.0
LUX;2024Q3;118082.9;A;2020.0
LUX;2024Q2;121573.6;A;2020.0
LUX;2024Q1;123442.8;A;2020.0
LUX;2023Q4;120295.5;A;2020.0
LUX;2023Q3;122730.7;A;2020.0
LUX;2023Q2;122539.2;A;2020.0
LUX;2023Q1;122574.0;A;2020.0
LTU;2025Q1;46212.2;A;2020.0
LTU;2024Q4;46035.3;A;2020.0
LTU;2024Q3;45700.8;A;2020.0
LTU;2024Q2;45104.7;A;2020.0
LTU;2024Q1;44895.8;A;2020.0
LTU;2023Q4;44534.6;A;2020.0
LTU;2023Q3;44645.2;A;2020.0
LTU;2023Q2;44507.8;A;2020.0
LTU;2023Q1;43810.7;A;2020.0
LTU;2025Q4;47564.5;A;2020.0
LTU;2025Q3;46682.2;A;2020.0
LTU;2025Q2;46553.4;A;2020.0
LVA;2024Q4;36311.7;A;2020.0
LVA;2025Q1;36656.0;A;2020.0
LVA;2023Q4;35600.6;A;2020.0
LVA;2025Q4;37935.5;A;2020.0
LVA;2024Q1;35665.9;A;2020.0
LVA;2024Q2;35971.0;A;2020.0
LVA;2025Q3;37581.3;A;2020.0
LVA;2025Q2;37069.8;A;2020.0
LVA;2024Q3;36101.4;A;2020.0
LVA;2023Q1;36090.8;A;2020.0
LVA;2023Q3;35718.7;A;2020.0
LVA;2023Q2;35737.1;A;2020.0
FRA;2024Q2;55079.3;A;2020.0
FRA;2024Q1;54963.7;A;2020.0
FRA;2023Q4;54898.4;A;2020.0
DNK;2025Q3;70625.1;A;2020.0
DNK;2025Q2;69066.1;A;2020.0
DNK;2024Q4;68970.3;A;2020.0
DNK;2024Q3;68337.1;A;2020.0
DNK;2023Q3;65465.1;A;2020.0
DNK;2023Q2;65687.6;A;2020.0
DNK;2023Q1;66756.9;A;2020.0
ITA;2024Q4;52026.6;A;2020.0
SVN;2025Q1;47648.8;A;2020.0
SVN;2024Q4;48053.6;A;2020.0
SVN;2024Q3;47805.1;A;2020.0
SVN;2024Q2;47775.7;A;2020.0
SVN;2024Q1;48072.3;A;2020.0
SVN;2023Q4;47629.9;A;2020.0
SVN;2023Q3;47269.2;A;2020.0
SVN;2023Q2;47355.7;A;2020.0
SVN;2023Q1;46761.5;A;2020.0
SVN;2025Q4;48712.3;A;2020.0
SVN;2025Q3;48552.1;A;2020.0
SVN;2025Q2;48092.1;A;2020.0
SVK;2024Q4;39194.4;A;2020.0
SVK;2024Q3;39086.0;A;2020.0
SVK;2024Q2;39041.2;A;2020.0
SVK;2023Q4;38710.6;A;2020.0
SVK;2023Q2;38224.6;A;2020.0
SVK;2023Q1;37867.6;A;2020.0
SVK;2024Q1;38937.7;A;2020.0
SVK;2025Q4;39556.1;A;2020.0
SVK;2025Q3;39450.0;A;2020.0
SVK;2025Q2;39333.9;A;2020.0
SVK;2025Q1;39259.2;A;2020.0
SVK;2023Q3;38523.6;A;2020.0
PRT;2023Q3;40715.1;A;2020.0
PRT;2023Q4;40908.8;A;2020.0
PRT;2023Q2;40765.7;A;2020.0
POL;2024Q3;43151.6;A;2020.0
POL;2024Q2;43153.7;A;2020.0
JPN;2025Q3;47471.4;A;2020.0
JPN;2024Q4;47251.6;A;2020.0
JPN;2024Q2;46608.5;A;2020.0
NOR;2025Q4;74869.1;A;2020.0
NOR;2023Q1;74596.8;A;2020.0
NOR;2023Q4;74404.7;A;2020.0
NOR;2023Q3;73132.4;A;2020.0
NOR;2023Q2;73967.6;A;2020.0
HUN;2024Q4;40269.4;A;2020.0
HUN;2023Q1;39447.8;A;2020.0
HUN;2024Q1;40168.1;A;2020.0
HUN;2024Q3;40100.4;A;2020.0
HUN;2023Q4;40068.3;A;2020.0
POL;2023Q4;41993.1;A;2020.0
POL;2023Q2;41281.3;A;2020.0
POL;2023Q1;41479.9;A;2020.0
POL;2023Q3;42102.7;A;2020.0
POL;2024Q1;42461.9;A;2020.0
NOR;2025Q3;75456.1;A;2020.0
NOR;2025Q2;74641.1;A;2020.0
NOR;2025Q1;73989.3;A;2020.0
NOR;2024Q4;73857.8;A;2020.0
NOR;2024Q3;74242.0;A;2020.0
NOR;2024Q2;75008.8;A;2020.0
NOR;2024Q1;74317.7;A;2020.0
GBR;2025Q4;54841.6;A;2020.0
GBR;2025Q3;54827.4;A;2020.0
GBR;2024Q1;54058.3;A;2020.0
GBR;2024Q2;54239.8;A;2020.0
GBR;2023Q1;54571.9;A;2020.0
GBR;2023Q4;53815.9;A;2020.0
GBR;2023Q3;54137.9;A;2020.0
GBR;2023Q2;54417.6;A;2020.0
GBR;2025Q2;54810.4;A;2020.0
CHE;2023Q3;79806.5;A;2020.0
CHE;2025Q1;80803.4;A;2020.0
CHE;2024Q4;80297.0;A;2020.0
CHE;2024Q3;80344.0;A;2020.0
CHE;2023Q2;79719.2;A;2020.0
CHE;2023Q1;80340.4;A;2020.0
CHE;2024Q2;80223.8;A;2020.0
CHE;2024Q1;79635.9;A;2020.0
CHE;2023Q4;79802.5;A;2020.0
CHE;2025Q4;80244.7;A;2020.0
CHE;2025Q3;80249.2;A;2020.0
CHE;2025Q2;80779.2;A;2020.0
SWE;2024Q2;60063.9;A;2020.0
SWE;2024Q1;60890.2;A;2020.0
SWE;2023Q4;59112.8;A;2020.0
SWE;2023Q3;60123.8;A;2020.0
SWE;2023Q2;59323.5;A;2020.0
SWE;2023Q1;59991.9;A;2020.0
SWE;2025Q3;61542.2;A;2020.0
SWE;2025Q2;61393.0;A;2020.0
SWE;2025Q1;60735.9;A;2020.0
SWE;2025Q4;62002.2;A;2020.0
FRA;2023Q3;54676.2;A;2020.0
FRA;2023Q2;54524.3;A;2020.0
FRA;2023Q1;54055.1;A;2020.0
JPN;2024Q1;46608.1;A;2020.0
JPN;2023Q4;46695.0;A;2020.0
JPN;2023Q3;46371.2;A;2020.0
JPN;2023Q2;46951.2;A;2020.0
JPN;2023Q1;46899.9;A;2020.0
JPN;2025Q4;47659.5;A;2020.0
ROU;2023Q2;36523.2;A;2020.0
ROU;2023Q1;36158.7;A;2020.0
HRV;2023Q3;37844.593854475;A;2020.0
HRV;2023Q2;37853.44189945;A;2020.0
HRV;2023Q1;37159.385172198;A;2020.0
HRV;2023Q4;38459.455619309;A;2020.0
BGR;2023Q1;29638.6;A;2020.0
BGR;2024Q3;30896.8;A;2020.0
BGR;2024Q2;30640.2;A;2020.0
BGR;2024Q1;30352.9;A;2020.0
SWE;2024Q4;61053.4;A;2020.0
EU;2025Q1;50186.9;A;2020.0
EU;2024Q4;49914.9;A;2020.0
EU;2024Q3;49720.6;A;2020.0
EU;2024Q2;49548.5;A;2020.0
EU;2024Q1;49452.5;A;2020.0
EU;2023Q4;49258.4;A;2020.0
EU;2023Q3;49287.8;A;2020.0
EU;2023Q2;49259.7;A;2020.0
EU;2023Q1;49240.9;A;2020.0
EU;2025Q4;50506.5;A;2020.0
EU;2025Q3;50440.0;A;2020.0
EU;2025Q2;50287.7;A;2020.0
NZL;2023Q2;48982.5;A;2020.0
NZL;2023Q1;48988.0;A;2020.0
NZL;2025Q1;47811.0;A;2020.0
NZL;2024Q4;47365.6;A;2020.0
NZL;2024Q3;47383.7;A;2020.0
NZL;2024Q2;48040.1;A;2020.0
NZL;2024Q1;48333.5;A;2020.0
GBR;2024Q3;54306.3;A;2020.0
SWE;2024Q3;60415.8;A;2020.0
PRT;2023Q1;40668.2;A;2020.0
POL;2024Q4;43777.8;A;2020.0
FRA;2025Q4;55624.0;A;2020.0
CZE;2025Q3;49142.4;A;2020.0
AUT;2025Q4;62506.1;A;2020.0
USA;2024Q1;71742.9;A;2020.0
USA;2023Q4;71750.5;A;2020.0
USA;2023Q3;71328.3;A;2020.0
USA;2024Q2;72208.8;A;2020.0
USA;2025Q3;73993.4;A;2020.0
ZAF;2025Q1;13604.4;A;2020.0
ZAF;2024Q4;13634.3;A;2020.0
ZAF;2024Q3;13616.9;A;2020.0
ZAF;2024Q2;13694.9;A;2020.0
ZAF;2024Q1;13699.0;A;2020.0
ZAF;2023Q4;13726.5;A;2020.0
ZAF;2023Q3;13712.1;A;2020.0
ZAF;2023Q2;13805.3;A;2020.0
ZAF;2023Q1;13735.2;A;2020.0
ZAF;2025Q4;13696.4;A;2020.0
ZAF;2025Q3;13680.6;A;2020.0
ZAF;2025Q2;13676.1;A;2020.0
BGR;2023Q4;30077.6;A;2020.0
BGR;2023Q3;29853.0;A;2020.0
BGR;2023Q2;29663.1;A;2020.0
BGR;2024Q4;31229.5;A;2020.0
BEL;2024Q1;61963.2;P;2020.0
BEL;2025Q4;62391.7;P;2020.0
BEL;2024Q3;62050.5;P;2020.0
BEL;2025Q1;62235.4;P;2020.0
BEL;2024Q2;61992.0;P;2020.0
BEL;2025Q2;62324.3;P;2020.0
BEL;2024Q4;62053.5;P;2020.0
DEU;2025Q1;61281.9;P;2020.0
DEU;2024Q1;61152.7;P;2020.0
DEU;2023Q4;61241.3;P;2020.0
DEU;2023Q3;61495.7;P;2020.0
DEU;2023Q2;61560.8;P;2020.0
DEU;2023Q1;61655.8;P;2020.0
DEU;2024Q4;61049.6;P;2020.0
DEU;2025Q4;61338.4;P;2020.0
DEU;2025Q3;61174.6;P;2020.0
DEU;2025Q2;61179.7;P;2020.0
DEU;2024Q3;60955.4;P;2020.0
HUN;2025Q4;40784.4;P;2020.0
HUN;2025Q3;40660.5;P;2020.0
HUN;2025Q2;40549.8;P;2020.0
HUN;2025Q1;40245.7;P;2020.0
GRC;2025Q1;36301.2;P;2020.0
GRC;2024Q4;36109.9;P;2020.0
GRC;2024Q3;35929.1;P;2020.0
GRC;2024Q2;35809.9;P;2020.0
GRC;2024Q1;35393.8;P;2020.0
GRC;2023Q4;35275.4;P;2020.0
GRC;2023Q3;35024.5;P;2020.0
GRC;2023Q2;35109.6;P;2020.0
GRC;2023Q1;34709.6;P;2020.0
GRC;2025Q4;36869.7;P;2020.0
USA;2025Q2;73289.0;A;2020.0
USA;2025Q1;72688.6;A;2020.0
USA;2024Q4;72887.2;A;2020.0
USA;2024Q3;72658.6;A;2020.0
USA;2023Q2;70683.5;A;2020.0
USA;2023Q1;70380.4;A;2020.0
USA;2025Q4;74027.1;A;2020.0
GBR;2025Q1;54773.7;A;2020.0
GBR;2024Q4;54499.7;A;2020.0
ROU;2023Q4;36938.8;A;2020.0
ROU;2023Q3;36847.8;A;2020.0
NLD;2023Q2;67935.4;P;2020.0
NLD;2023Q1;68286.7;P;2020.0
NLD;2025Q1;68591.6;P;2020.0
NLD;2024Q4;68384.3;P;2020.0
NLD;2025Q4;69161.0;P;2020.0
NLD;2024Q3;68264.9;P;2020.0
NLD;2025Q2;68795.9;P;2020.0
NLD;2025Q3;68943.6;P;2020.0
NLD;2024Q1;67361.8;P;2020.0
NLD;2023Q4;67341.9;P;2020.0
NLD;2023Q3;67374.5;P;2020.0
ISL;2025Q1;64388.6;P;2020.0
ISL;2024Q4;62573.8;P;2020.0
ISL;2024Q3;64058.1;P;2020.0
ISL;2024Q2;64783.0;P;2020.0
ISL;2024Q1;63870.7;P;2020.0
ISL;2023Q4;64843.5;P;2020.0
ISL;2023Q3;64683.6;P;2020.0
LUX;2025Q4;119951.6;P;2020.0
LUX;2025Q3;120448.7;P;2020.0
JPN;2024Q3;46992.6;P;2020.0
JPN;2025Q2;47691.2;P;2020.0
JPN;2025Q1;47551.0;P;2020.0
KOR;2024Q4;53714.9;E;2020.0
KOR;2024Q3;53554.3;E;2020.0
KOR;2024Q2;53508.2;E;2020.0
KOR;2025Q2;54049.0;E;2020.0
KOR;2024Q1;53580.6;E;2020.0
KOR;2023Q4;53067.6;E;2020.0
KOR;2023Q3;52716.8;E;2020.0
KOR;2023Q2;52236.6;E;2020.0
KOR;2023Q1;51889.9;E;2020.0
KOR;2025Q4;54712.9;E;2020.0
KOR;2025Q1;53665.2;E;2020.0
KOR;2025Q3;54796.4;E;2020.0
HRV;2024Q4;39625.260218661;P;2020.0
HRV;2024Q3;39388.391564438;P;2020.0
HRV;2024Q2;38998.220613159;P;2020.0
HRV;2025Q1;39981.583606851;P;2020.0
HRV;2024Q1;38597.924349456;P;2020.0
HRV;2025Q4;40850.897090627;P;2020.0
HRV;2025Q3;40387.431570291;P;2020.0
HRV;2025Q2;40228.971042541;P;2020.0
ESP;2023Q3;44840.1;P;2020.0
ESP;2023Q2;44618.6;P;2020.0
ESP;2023Q1;44641.2;P;2020.0
ESP;2025Q2;46627.1;P;2020.0
ESP;2024Q4;46242.8;P;2020.0
ESP;2025Q1;46396.1;P;2020.0
ESP;2025Q4;47028.1;P;2020.0
ESP;2024Q3;45994.1;P;2020.0
ESP;2024Q2;45757.3;P;2020.0
ESP;2024Q1;45432.5;P;2020.0
ESP;2023Q4;45050.2;P;2020.0
ESP;2025Q3;46814.7;P;2020.0
POL;2025Q2;44579.7;P;2020.0
POL;2025Q1;44182.0;P;2020.0
POL;2025Q4;45593.1;P;2020.0
POL;2025Q3;45099.4;P;2020.0
MEX;2025Q2;21728.4;P;2020.0
MEX;2025Q1;21680.9;P;2020.0
MEX;2024Q4;21569.7;P;2020.0
MEX;2024Q3;21834.4;P;2020.0
MEX;2024Q2;21626.2;P;2020.0
MEX;2024Q1;21674.6;P;2020.0
GRC;2025Q3;36630.5;P;2020.0
GRC;2025Q2;36432.1;P;2020.0
PRT;2024Q3;41128.2;P;2020.0
PRT;2025Q1;41350.3;P;2020.0
PRT;2024Q2;41172.3;P;2020.0
PRT;2024Q1;41062.6;P;2020.0
PRT;2024Q4;41489.2;P;2020.0
PRT;2025Q4;41872.4;P;2020.0
PRT;2025Q3;41570.3;P;2020.0
PRT;2025Q2;41425.1;P;2020.0
MEX;2023Q3;21642.6;P;2020.0
MEX;2023Q2;21509.8;P;2020.0
MEX;2025Q4;21799.1;P;2020.0
MEX;2025Q3;21683.4;P;2020.0
MEX;2023Q1;21372.4;P;2020.0
LUX;2025Q1;119162.5;P;2020.0
LUX;2025Q2;119477.2;P;2020.0
BGR;2025Q1;31446.3;P;2020.0
BGR;2025Q4;32265.8;P;2020.0
BGR;2025Q3;31984.2;P;2020.0
BGR;2025Q2;31737.8;P;2020.0
ROU;2024Q1;36889.7;P;2020.0
NLD;2024Q2;68025.2;P;2020.0
ISL;2023Q2;67387.8;P;2020.0
ISL;2023Q1;66198.4;P;2020.0
ISL;2025Q4;63373.2;P;2020.0
ISL;2025Q3;64083.1;P;2020.0
ISL;2025Q2;63475.9;P;2020.0
DEU;2024Q2;60960.5;P;2020.0
BEL;2025Q3;62406.5;P;2020.0
ROU;2024Q2;36712.9;P;2020.0
ROU;2025Q1;37188.0;P;2020.0
ROU;2024Q4;37296.7;P;2020.0
ROU;2024Q3;36953.8;P;2020.0
ROU;2025Q4;36774.1;P;2020.0
ROU;2025Q3;37502.5;P;2020.0
ROU;2025Q2;37517.6;P;2020.0
