REF_AREA;QUARTER;GDP_PER_CAPITA_USD_PPP;OBS_STATUS;REF_YEAR_PRICE;UNE_RATE_PCT
AUS;2025Q2;57827.2;A;2020.0;4.152140666666667
AUS;2025Q1;57443.6;A;2020.0;4.091478666666666
MEX;2023Q4;21608.0;P;2020.0;2.7724393333333333
AUS;2024Q3;57526.3;A;2020.0;4.117056333333333
AUS;2024Q2;57576.3;A;2020.0;4.034713333333333
AUS;2024Q1;57602.8;A;2020.0;3.9086169999999996
AUS;2023Q4;57796.6;A;2020.0;3.900831333333333
AUS;2023Q3;58071.7;A;2020.0;3.653915
AUS;2023Q2;58209.9;A;2020.0;3.5997939999999997
AUS;2023Q1;58264.4;A;2020.0;3.6210123333333333
AUS;2025Q3;57815.7;A;2020.0;4.315131333333333
AUT;2023Q2;62879.0;A;2020.0;5.0
AUT;2023Q1;63727.8;A;2020.0;4.966666666666666
CHL;2025Q3;29215.2;A;2020.0;8.381431999999998
CHL;2025Q2;29355.4;A;2020.0;8.713891666666667
CHL;2025Q1;29312.8;A;2020.0;8.571713666666668
CHL;2024Q4;29051.0;A;2020.0;8.438572333333333
CAN;2025Q3;52271.1;A;2020.0;7.033333333333334
CAN;2025Q2;52084.5;A;2020.0;6.933333333333334
CAN;2024Q4;51978.0;A;2020.0;6.766666666666667
CAN;2025Q1;52248.8;A;2020.0;6.7
AUS;2024Q4;57594.2;A;2020.0;4.0104359999999994
CAN;2023Q3;52206.9;A;2020.0;5.433333333333334
CAN;2023Q2;52603.4;A;2020.0;5.233333333333333
CAN;2023Q1;52820.1;A;2020.0;5.133333333333333
BEL;2023Q4;61811.3;A;2020.0;5.533333333333334
BEL;2023Q1;61630.0;A;2020.0;5.599999999999999
BEL;2023Q3;61695.2;A;2020.0;5.366666666666667
BEL;2023Q2;61693.8;A;2020.0;5.666666666666667
AUT;2025Q3;62429.0;A;2020.0;5.733333333333333
AUT;2025Q2;62258.9;A;2020.0;5.733333333333333
AUT;2025Q1;62196.3;A;2020.0;5.466666666666666
AUT;2024Q4;62004.5;A;2020.0;5.366666666666667
AUT;2024Q3;61800.0;A;2020.0;5.333333333333333
CZE;2025Q4;49562.6;A;2020.0;3.1666666666666665
CZE;2023Q2;47381.4;A;2020.0;2.566666666666667
CZE;2025Q1;48472.5;A;2020.0;2.6333333333333333
CZE;2024Q4;48133.8;A;2020.0;2.6666666666666665
CZE;2024Q3;47774.6;A;2020.0;2.733333333333333
CZE;2024Q2;47575.0;A;2020.0;2.6999999999999997
CZE;2024Q1;47339.5;A;2020.0;2.8666666666666667
CZE;2023Q4;47250.3;A;2020.0;2.766666666666667
AUT;2023Q4;62068.1;A;2020.0;5.166666666666667
AUT;2023Q3;62472.0;A;2020.0;5.433333333333334
CRI;2024Q4;26586.5;A;2020.0;7.005929666666667
CRI;2023Q4;25757.6;A;2020.0;7.447611666666667
CRI;2025Q4;27564.5;A;2020.0;6.412633
CRI;2025Q3;27408.5;A;2020.0;6.214135333333334
CRI;2024Q1;25967.2;A;2020.0;7.809183333333333
CRI;2024Q2;26207.3;A;2020.0;8.215935666666667
CRI;2025Q2;27252.2;A;2020.0;6.858511
CRI;2025Q1;26713.0;A;2020.0;7.330810333333333
CRI;2024Q3;26297.5;A;2020.0;6.917025333333332
CRI;2023Q3;25601.9;A;2020.0;8.317846333333334
CRI;2023Q2;25420.9;A;2020.0;9.706139
CRI;2023Q1;25073.3;A;2020.0;10.326867666666667
COL;2024Q4;18729.4;A;2020.0;9.728196666666667
COL;2024Q3;18464.3;A;2020.0;9.837871999999999
COL;2024Q2;18569.9;A;2020.0;10.463706666666667
COL;2024Q1;18441.1;A;2020.0;10.608023333333334
COL;2023Q4;18443.0;A;2020.0;10.394016666666666
COL;2023Q3;18337.9;A;2020.0;9.618097
COL;2023Q2;18446.9;A;2020.0;10.236215333333334
COL;2023Q1;18636.5;A;2020.0;10.389104
COL;2025Q3;18958.2;A;2020.0;8.784044333333334
COL;2025Q2;18722.8;A;2020.0;8.851975666666666
COL;2025Q1;18762.3;A;2020.0;9.383700333333332
CHL;2024Q3;28823.9;A;2020.0;8.613756333333333
CHL;2024Q2;28401.1;A;2020.0;8.328021666666666
CHL;2024Q1;28649.6;A;2020.0;8.480173333333333
HUN;2024Q2;40158.1;A;2020.0;4.3
FRA;2025Q3;55540.7;A;2020.0;7.8
CAN;2025Q4;52237.7;A;2020.0;6.766666666666667
CAN;2024Q3;51905.9;A;2020.0;6.5
CAN;2024Q2;51825.9;A;2020.0;6.3
CAN;2024Q1;51741.9;A;2020.0;5.8999999999999995
CAN;2023Q4;51693.6;A;2020.0;5.766666666666667
FRA;2025Q1;55208.3;A;2020.0;7.466666666666666
FRA;2024Q4;55182.3;A;2020.0;7.366666666666667
FRA;2024Q3;55252.7;A;2020.0;7.5
FRA;2025Q2;55331.2;A;2020.0;7.6000000000000005
FIN;2025Q1;53745.3;A;2020.0;9.266666666666666
FIN;2024Q4;53701.1;A;2020.0;8.799999999999999
FIN;2024Q1;53634.5;A;2020.0;7.966666666666666
FIN;2023Q4;53296.1;A;2020.0;7.533333333333334
FIN;2025Q4;53627.5;A;2020.0;10.433333333333334
FIN;2025Q3;53514.9;A;2020.0;9.933333333333332
FIN;2025Q2;53595.5;A;2020.0;9.299999999999999
FIN;2024Q3;53916.7;A;2020.0;8.5
FIN;2024Q2;53732.3;A;2020.0;8.3
FIN;2023Q3;53583.4;A;2020.0;7.433333333333334
FIN;2023Q2;54559.1;A;2020.0;7.133333333333333
FIN;2023Q1;54420.2;A;2020.0;6.766666666666667
EST;2025Q1;40963.7;A;2020.0;8.166666666666666
EST;2024Q4;40814.5;A;2020.0;7.533333333333334
EST;2024Q3;40810.5;A;2020.0;7.7
EST;2024Q2;40838.0;A;2020.0;7.633333333333333
EST;2024Q1;41073.2;A;2020.0;7.666666666666667
EST;2023Q4;41168.0;A;2020.0;6.3999999999999995
EST;2023Q3;41037.0;A;2020.0;7.1000000000000005
EST;2023Q2;41209.3;A;2020.0;6.766666666666667
EST;2023Q1;41294.0;A;2020.0;5.466666666666666
EST;2025Q4;41451.5;A;2020.0;6.566666666666666
EST;2025Q3;41344.7;A;2020.0;7.3999999999999995
EST;2025Q2;41249.3;A;2020.0;7.7
DNK;2024Q1;67010.8;A;2020.0;5.8
DNK;2023Q4;66635.5;A;2020.0;6.033333333333334
DNK;2025Q4;70859.2;A;2020.0;6.466666666666666
DNK;2024Q2;68103.3;A;2020.0;6.066666666666666
AUT;2024Q2;61909.8;A;2020.0;5.133333333333334
AUT;2024Q1;62064.2;A;2020.0;4.866666666666667
DNK;2025Q1;68401.6;A;2020.0;6.366666666666667
CZE;2025Q2;48784.5;A;2020.0;2.9
ITA;2024Q3;51967.1;A;2020.0;6.266666666666667
ITA;2023Q3;51618.6;A;2020.0;7.7
ITA;2025Q4;52475.8;A;2020.0;5.666666666666667
ITA;2025Q3;52333.8;A;2020.0;5.966666666666666
ITA;2024Q2;51982.5;A;2020.0;6.666666666666667
ITA;2024Q1;51858.5;A;2020.0;7.1000000000000005
ITA;2025Q2;52232.0;A;2020.0;6.266666666666667
ITA;2023Q2;51584.8;A;2020.0;7.7
ITA;2023Q1;51544.9;A;2020.0;7.866666666666667
ITA;2023Q4;51780.7;A;2020.0;7.466666666666666
ITA;2025Q1;52207.8;A;2020.0;6.3
ISR;2024Q3;45185.0;A;2020.0;2.7073393333333335
ISR;2024Q2;44796.5;A;2020.0;3.2219123333333335
ISR;2024Q1;44725.3;A;2020.0;3.2838119999999997
ISR;2023Q4;43297.1;A;2020.0;3.0737520000000003
ISR;2023Q3;46039.9;A;2020.0;3.309284333333333
ISR;2023Q2;46263.0;A;2020.0;3.4927646666666665
ISR;2023Q1;46137.5;A;2020.0;3.893168333333333
ISR;2025Q3;46127.7;A;2020.0;3.0264736666666665
ISR;2025Q2;44963.0;A;2020.0;2.947134
ISR;2025Q1;45578.6;A;2020.0;2.874769
ISR;2024Q4;45206.3;A;2020.0;2.7225396666666666
IRL;2025Q1;129660.4;A;2020.0;4.433333333333334
IRL;2024Q4;119635.5;A;2020.0;4.333333333333333
IRL;2024Q3;116097.7;A;2020.0;4.233333333333333
IRL;2024Q2;109940.3;A;2020.0;4.4
IRL;2024Q1;111281.0;A;2020.0;4.266666666666667
IRL;2023Q4;108684.9;A;2020.0;4.466666666666667
IRL;2023Q3;112686.8;A;2020.0;4.3999999999999995
IRL;2023Q2;115548.8;A;2020.0;4.166666666666667
IRL;2023Q1;115864.3;A;2020.0;4.2
IRL;2025Q4;121369.5;A;2020.0;4.666666666666667
IRL;2025Q3;126951.9;A;2020.0;5.0
CZE;2023Q3;47095.4;A;2020.0;2.6333333333333333
CZE;2023Q1;47263.9;A;2020.0;2.533333333333333
CHL;2023Q4;28314.7;A;2020.0;8.894355
CHL;2023Q3;28289.3;A;2020.0;8.807789666666666
CHL;2023Q2;28092.2;A;2020.0;8.488384666666667
CHL;2023Q1;28035.1;A;2020.0;8.51452
CHL;2025Q4;29324.5;A;2020.0;8.580675666666666
HUN;2023Q2;39483.1;A;2020.0;4.0
HUN;2023Q3;40042.0;A;2020.0;4.1000000000000005
IRL;2025Q2;127893.5;A;2020.0;4.633333333333333
LUX;2024Q4;119030.7;A;2020.0;6.566666666666666
LUX;2024Q3;118082.9;A;2020.0;6.466666666666666
LUX;2024Q2;121573.6;A;2020.0;6.233333333333333
LUX;2024Q1;123442.8;A;2020.0;5.966666666666666
LUX;2023Q4;120295.5;A;2020.0;5.666666666666667
LUX;2023Q3;122730.7;A;2020.0;5.333333333333333
LUX;2023Q2;122539.2;A;2020.0;5.033333333333334
LUX;2023Q1;122574.0;A;2020.0;4.9
LTU;2025Q1;46212.2;A;2020.0;6.733333333333333
LTU;2024Q4;46035.3;A;2020.0;6.766666666666667
LTU;2024Q3;45700.8;A;2020.0;7.099999999999999
LTU;2024Q2;45104.7;A;2020.0;7.133333333333333
LTU;2024Q1;44895.8;A;2020.0;7.333333333333333
LTU;2023Q4;44534.6;A;2020.0;7.166666666666667
LTU;2023Q3;44645.2;A;2020.0;6.833333333333333
LTU;2023Q2;44507.8;A;2020.0;6.633333333333333
LTU;2023Q1;43810.7;A;2020.0;6.733333333333333
LTU;2025Q4;47564.5;A;2020.0;6.7
LTU;2025Q3;46682.2;A;2020.0;6.766666666666667
LTU;2025Q2;46553.4;A;2020.0;6.966666666666666
LVA;2024Q4;36311.7;A;2020.0;7.0
LVA;2025Q1;36656.0;A;2020.0;7.066666666666666
LVA;2023Q4;35600.6;A;2020.0;6.966666666666666
LVA;2025Q4;37935.5;A;2020.0;6.900000000000001
LVA;2024Q1;35665.9;A;2020.0;6.833333333333333
LVA;2024Q2;35971.0;A;2020.0;6.8999999999999995
LVA;2025Q3;37581.3;A;2020.0;7.1000000000000005
LVA;2025Q2;37069.8;A;2020.0;6.666666666666667
LVA;2024Q3;36101.4;A;2020.0;6.833333333333333
LVA;2023Q1;36090.8;A;2020.0;6.066666666666666
LVA;2023Q3;35718.7;A;2020.0;6.633333333333333
LVA;2023Q2;35737.1;A;2020.0;6.3999999999999995
FRA;2024Q2;55079.3;A;2020.0;7.433333333333334
FRA;2024Q1;54963.7;A;2020.0;7.5
FRA;2023Q4;54898.4;A;2020.0;7.566666666666666
DNK;2025Q3;70625.1;A;2020.0;6.3999999999999995
DNK;2025Q2;69066.1;A;2020.0;6.266666666666667
DNK;2024Q4;68970.3;A;2020.0;6.6000000000000005
DNK;2024Q3;68337.1;A;2020.0;6.3
DNK;2023Q3;65465.1;A;2020.0;4.833333333333333
DNK;2023Q2;65687.6;A;2020.0;4.8
DNK;2023Q1;66756.9;A;2020.0;4.8
ITA;2024Q4;52026.6;A;2020.0;6.2
SVN;2025Q1;47648.8;A;2020.0;3.9
SVN;2024Q4;48053.6;A;2020.0;3.6666666666666665
SVN;2024Q3;47805.1;A;2020.0;4.1
SVN;2024Q2;47775.7;A;2020.0;3.6
SVN;2024Q1;48072.3;A;2020.0;3.3666666666666667
SVN;2023Q4;47629.9;A;2020.0;3.5666666666666664
SVN;2023Q3;47269.2;A;2020.0;3.6333333333333333
SVN;2023Q2;47355.7;A;2020.0;3.7999999999999994
SVN;2023Q1;46761.5;A;2020.0;3.6
SVN;2025Q4;48712.3;A;2020.0;4.2
SVN;2025Q3;48552.1;A;2020.0;3.9
SVN;2025Q2;48092.1;A;2020.0;3.4333333333333336
SVK;2024Q4;39194.4;A;2020.0;5.233333333333333
SVK;2024Q3;39086.0;A;2020.0;5.3
SVK;2024Q2;39041.2;A;2020.0;5.3
SVK;2023Q4;38710.6;A;2020.0;5.666666666666667
SVK;2023Q2;38224.6;A;2020.0;5.833333333333333
SVK;2023Q1;37867.6;A;2020.0;6.066666666666666
SVK;2024Q1;38937.7;A;2020.0;5.5
SVK;2025Q4;39556.1;A;2020.0;5.6000000000000005
SVK;2025Q3;39450.0;A;2020.0;5.5
SVK;2025Q2;39333.9;A;2020.0;5.433333333333334
SVK;2025Q1;39259.2;A;2020.0;5.233333333333333
SVK;2023Q3;38523.6;A;2020.0;5.833333333333333
PRT;2023Q3;40715.1;A;2020.0;6.433333333333334
PRT;2023Q4;40908.8;A;2020.0;6.5
PRT;2023Q2;40765.7;A;2020.0;6.5
POL;2024Q3;43151.6;A;2020.0;2.966666666666667
POL;2024Q2;43153.7;A;2020.0;2.8666666666666667
JPN;2025Q3;47471.4;A;2020.0;2.533333333333333
JPN;2024Q4;47251.6;A;2020.0;2.5
JPN;2024Q2;46608.5;A;2020.0;2.566666666666667
NOR;2025Q4;74869.1;A;2020.0;4.433333333333334
NOR;2023Q1;74596.8;A;2020.0;3.6999999999999997
NOR;2023Q4;74404.7;A;2020.0;3.766666666666667
NOR;2023Q3;73132.4;A;2020.0;3.5666666666666664
NOR;2023Q2;73967.6;A;2020.0;3.3333333333333335
HUN;2024Q4;40269.4;A;2020.0;4.466666666666667
HUN;2023Q1;39447.8;A;2020.0;3.9
HUN;2024Q1;40168.1;A;2020.0;4.3
HUN;2024Q3;40100.4;A;2020.0;4.3999999999999995
HUN;2023Q4;40068.3;A;2020.0;4.3
POL;2023Q4;41993.1;A;2020.0;3.0666666666666664
POL;2023Q2;41281.3;A;2020.0;2.766666666666667
POL;2023Q1;41479.9;A;2020.0;2.6666666666666665
POL;2023Q3;42102.7;A;2020.0;2.8333333333333335
POL;2024Q1;42461.9;A;2020.0;2.9
NOR;2025Q3;75456.1;A;2020.0;4.7
NOR;2025Q2;74641.1;A;2020.0;4.766666666666667
NOR;2025Q1;73989.3;A;2020.0;4.1000000000000005
NOR;2024Q4;73857.8;A;2020.0;4.066666666666666
NOR;2024Q3;74242.0;A;2020.0;3.966666666666667
NOR;2024Q2;75008.8;A;2020.0;4.0
NOR;2024Q1;74317.7;A;2020.0;3.966666666666667
GBR;2025Q4;54841.6;A;2020.0;5.166666666666667
GBR;2025Q3;54827.4;A;2020.0;4.966666666666666
GBR;2024Q1;54058.3;A;2020.0;4.3
GBR;2024Q2;54239.8;A;2020.0;4.266666666666667
GBR;2023Q1;54571.9;A;2020.0;3.966666666666667
GBR;2023Q4;53815.9;A;2020.0;4.0
GBR;2023Q3;54137.9;A;2020.0;4.133333333333333
GBR;2023Q2;54417.6;A;2020.0;4.166666666666667
GBR;2025Q2;54810.4;A;2020.0;4.7
SWE;2024Q2;60063.9;A;2020.0;8.333333333333334
SWE;2024Q1;60890.2;A;2020.0;8.266666666666666
SWE;2023Q4;59112.8;A;2020.0;8.033333333333333
SWE;2023Q3;60123.8;A;2020.0;7.8
SWE;2023Q2;59323.5;A;2020.0;7.5
SWE;2023Q1;59991.9;A;2020.0;7.333333333333333
SWE;2025Q3;61542.2;A;2020.0;8.799999999999999
SWE;2025Q2;61393.0;A;2020.0;8.666666666666666
SWE;2025Q1;60735.9;A;2020.0;8.933333333333334
SWE;2025Q4;62002.2;A;2020.0;9.033333333333333
FRA;2023Q3;54676.2;A;2020.0;7.400000000000001
FRA;2023Q2;54524.3;A;2020.0;7.3
FRA;2023Q1;54055.1;A;2020.0;7.099999999999999
JPN;2024Q1;46608.1;A;2020.0;2.566666666666667
JPN;2023Q4;46695.0;A;2020.0;2.533333333333333
JPN;2023Q3;46371.2;A;2020.0;2.6
JPN;2023Q2;46951.2;A;2020.0;2.533333333333333
JPN;2023Q1;46899.9;A;2020.0;2.6
JPN;2025Q4;47659.5;A;2020.0;2.6
ROU;2023Q2;36523.2;A;2020.0;5.6000000000000005
ROU;2023Q1;36158.7;A;2020.0;5.666666666666667
HRV;2023Q3;37844.593854475;A;2020.0;6.066666666666666
HRV;2023Q2;37853.44189945;A;2020.0;6.133333333333333
HRV;2023Q1;37159.385172198;A;2020.0;6.333333333333333
HRV;2023Q4;38459.455619309;A;2020.0;5.7
BGR;2023Q1;29638.6;A;2020.0;4.066666666666666
BGR;2024Q3;30896.8;A;2020.0;3.966666666666667
BGR;2024Q2;30640.2;A;2020.0;4.133333333333333
BGR;2024Q1;30352.9;A;2020.0;4.666666666666667
SWE;2024Q4;61053.4;A;2020.0;8.333333333333334
GBR;2024Q3;54306.3;A;2020.0;4.233333333333333
SWE;2024Q3;60415.8;A;2020.0;8.5
PRT;2023Q1;40668.2;A;2020.0;6.866666666666667
POL;2024Q4;43777.8;A;2020.0;2.8333333333333335
FRA;2025Q4;55624.0;A;2020.0;8.0
CZE;2025Q3;49142.4;A;2020.0;3.0
AUT;2025Q4;62506.1;A;2020.0;5.833333333333333
USA;2024Q1;71742.9;A;2020.0;3.8333333333333335
USA;2023Q4;71750.5;A;2020.0;3.8000000000000003
USA;2023Q3;71328.3;A;2020.0;3.6333333333333333
USA;2024Q2;72208.8;A;2020.0;3.9666666666666663
USA;2025Q3;73993.4;A;2020.0;4.333333333333333
BGR;2023Q4;30077.6;A;2020.0;4.333333333333333
BGR;2023Q3;29853.0;A;2020.0;4.433333333333334
BGR;2023Q2;29663.1;A;2020.0;4.466666666666667
BGR;2024Q4;31229.5;A;2020.0;3.9333333333333336
BEL;2024Q1;61963.2;P;2020.0;5.7
BEL;2025Q4;62391.7;P;2020.0;6.400000000000001
BEL;2024Q3;62050.5;P;2020.0;5.7
BEL;2025Q1;62235.4;P;2020.0;6.166666666666667
BEL;2024Q2;61992.0;P;2020.0;5.599999999999999
BEL;2025Q2;62324.3;P;2020.0;6.066666666666666
BEL;2024Q4;62053.5;P;2020.0;5.8999999999999995
DEU;2025Q1;61281.9;P;2020.0;3.5666666666666664
DEU;2024Q1;61152.7;P;2020.0;3.233333333333333
DEU;2023Q4;61241.3;P;2020.0;3.1666666666666665
DEU;2023Q3;61495.7;P;2020.0;3.0666666666666664
DEU;2023Q2;61560.8;P;2020.0;3.0
DEU;2023Q1;61655.8;P;2020.0;3.033333333333333
DEU;2024Q4;61049.6;P;2020.0;3.4333333333333336
DEU;2025Q4;61338.4;P;2020.0;3.9
DEU;2025Q3;61174.6;P;2020.0;3.7999999999999994
DEU;2025Q2;61179.7;P;2020.0;3.7000000000000006
DEU;2024Q3;60955.4;P;2020.0;3.4
HUN;2025Q4;40784.4;P;2020.0;4.466666666666667
HUN;2025Q3;40660.5;P;2020.0;4.366666666666666
HUN;2025Q2;40549.8;P;2020.0;4.333333333333333
HUN;2025Q1;40245.7;P;2020.0;4.266666666666667
GRC;2025Q1;36301.2;P;2020.0;9.433333333333334
GRC;2024Q4;36109.9;P;2020.0;9.6
GRC;2024Q3;35929.1;P;2020.0;9.666666666666666
GRC;2024Q2;35809.9;P;2020.0;10.033333333333333
GRC;2024Q1;35393.8;P;2020.0;11.266666666666666
GRC;2023Q4;35275.4;P;2020.0;10.433333333333334
GRC;2023Q3;35024.5;P;2020.0;11.299999999999999
GRC;2023Q2;35109.6;P;2020.0;11.433333333333332
GRC;2023Q1;34709.6;P;2020.0;11.033333333333333
GRC;2025Q4;36869.7;P;2020.0;8.566666666666666
USA;2025Q2;73289.0;A;2020.0;4.2
USA;2025Q1;72688.6;A;2020.0;4.133333333333334
USA;2024Q4;72887.2;A;2020.0;4.133333333333333
USA;2024Q3;72658.6;A;2020.0;4.166666666666667
USA;2023Q2;70683.5;A;2020.0;3.533333333333333
USA;2023Q1;70380.4;A;2020.0;3.533333333333333
USA;2025Q4;74027.1;A;2020.0;4.45
GBR;2025Q1;54773.7;A;2020.0;4.5
GBR;2024Q4;54499.7;A;2020.0;4.4
ROU;2023Q4;36938.8;A;2020.0;5.5
ROU;2023Q3;36847.8;A;2020.0;5.433333333333334
NLD;2023Q2;67935.4;P;2020.0;3.466666666666667
NLD;2023Q1;68286.7;P;2020.0;3.533333333333333
NLD;2025Q1;68591.6;P;2020.0;3.8333333333333335
NLD;2024Q4;68384.3;P;2020.0;3.7000000000000006
NLD;2025Q4;69161.0;P;2020.0;4.0
NLD;2024Q3;68264.9;P;2020.0;3.6666666666666665
NLD;2025Q2;68795.9;P;2020.0;3.7999999999999994
NLD;2025Q3;68943.6;P;2020.0;3.9
NLD;2024Q1;67361.8;P;2020.0;3.6333333333333333
NLD;2023Q4;67341.9;P;2020.0;3.5666666666666664
NLD;2023Q3;67374.5;P;2020.0;3.6333333333333333
ISL;2025Q1;64388.6;P;2020.0;3.9
ISL;2024Q4;62573.8;P;2020.0;3.6
ISL;2024Q3;64058.1;P;2020.0;3.3666666666666667
ISL;2024Q2;64783.0;P;2020.0;3.3333333333333335
ISL;2024Q1;63870.7;P;2020.0;3.533333333333333
ISL;2023Q4;64843.5;P;2020.0;3.533333333333333
ISL;2023Q3;64683.6;P;2020.0;3.5
LUX;2025Q4;119951.6;P;2020.0;6.733333333333333
LUX;2025Q3;120448.7;P;2020.0;6.5
JPN;2024Q3;46992.6;P;2020.0;2.533333333333333
JPN;2025Q2;47691.2;P;2020.0;2.5
JPN;2025Q1;47551.0;P;2020.0;2.466666666666667
KOR;2024Q4;53714.9;E;2020.0;2.9
KOR;2024Q3;53554.3;E;2020.0;2.6333333333333333
KOR;2024Q2;53508.2;E;2020.0;2.7999999999999994
KOR;2025Q2;54049.0;E;2020.0;2.7000000000000006
KOR;2024Q1;53580.6;E;2020.0;2.766666666666667
KOR;2023Q4;53067.6;E;2020.0;2.733333333333333
KOR;2023Q3;52716.8;E;2020.0;2.8000000000000003
KOR;2023Q2;52236.6;E;2020.0;2.566666666666667
KOR;2023Q1;51889.9;E;2020.0;2.7000000000000006
KOR;2025Q4;54712.9;E;2020.0;2.9333333333333336
KOR;2025Q1;53665.2;E;2020.0;2.7999999999999994
KOR;2025Q3;54796.4;E;2020.0;2.733333333333333
HRV;2024Q4;39625.260218661;P;2020.0;4.9
HRV;2024Q3;39388.391564438;P;2020.0;5.033333333333333
HRV;2024Q2;38998.220613159;P;2020.0;5.166666666666667
HRV;2025Q1;39981.583606851;P;2020.0;4.966666666666667
HRV;2024Q1;38597.924349456;P;2020.0;5.366666666666667
HRV;2025Q4;40850.897090627;P;2020.0;4.733333333333333
HRV;2025Q3;40387.431570291;P;2020.0;4.866666666666667
HRV;2025Q2;40228.971042541;P;2020.0;4.833333333333333
ESP;2023Q3;44840.1;P;2020.0;12.0
ESP;2023Q2;44618.6;P;2020.0;12.0
ESP;2023Q1;44641.2;P;2020.0;12.833333333333334
ESP;2025Q2;46627.1;P;2020.0;10.566666666666666
ESP;2024Q4;46242.8;P;2020.0;10.833333333333334
ESP;2025Q1;46396.1;P;2020.0;10.833333333333334
ESP;2025Q4;47028.1;P;2020.0;10.2
ESP;2024Q3;45994.1;P;2020.0;11.266666666666666
ESP;2024Q2;45757.3;P;2020.0;11.566666666666668
ESP;2024Q1;45432.5;P;2020.0;11.766666666666666
ESP;2023Q4;45050.2;P;2020.0;11.966666666666667
ESP;2025Q3;46814.7;P;2020.0;10.5
POL;2025Q2;44579.7;P;2020.0;3.0666666666666664
POL;2025Q1;44182.0;P;2020.0;3.1666666666666665
POL;2025Q4;45593.1;P;2020.0;3.1666666666666665
POL;2025Q3;45099.4;P;2020.0;3.1666666666666665
MEX;2025Q2;21728.4;P;2020.0;2.696854
MEX;2025Q1;21680.9;P;2020.0;2.5802726666666667
MEX;2024Q4;21569.7;P;2020.0;2.607165333333333
MEX;2024Q3;21834.4;P;2020.0;2.7392646666666667
MEX;2024Q2;21626.2;P;2020.0;2.712621
MEX;2024Q1;21674.6;P;2020.0;2.6270623333333334
GRC;2025Q3;36630.5;P;2020.0;8.766666666666666
GRC;2025Q2;36432.1;P;2020.0;8.866666666666667
PRT;2024Q3;41128.2;P;2020.0;6.433333333333334
PRT;2025Q1;41350.3;P;2020.0;6.3
PRT;2024Q2;41172.3;P;2020.0;6.466666666666666
PRT;2024Q1;41062.6;P;2020.0;6.433333333333334
PRT;2024Q4;41489.2;P;2020.0;6.533333333333334
PRT;2025Q4;41872.4;P;2020.0;5.7
PRT;2025Q3;41570.3;P;2020.0;6.0
PRT;2025Q2;41425.1;P;2020.0;6.166666666666667
MEX;2023Q3;21642.6;P;2020.0;2.766870666666667
MEX;2023Q2;21509.8;P;2020.0;2.846890666666667
MEX;2025Q4;21799.1;P;2020.0;2.634201
MEX;2025Q3;21683.4;P;2020.0;2.6744056666666665
MEX;2023Q1;21372.4;P;2020.0;2.8005506666666666
LUX;2025Q1;119162.5;P;2020.0;6.5
LUX;2025Q2;119477.2;P;2020.0;6.466666666666666
BGR;2025Q1;31446.3;P;2020.0;3.533333333333333
BGR;2025Q4;32265.8;P;2020.0;3.3000000000000003
BGR;2025Q3;31984.2;P;2020.0;3.733333333333333
BGR;2025Q2;31737.8;P;2020.0;3.533333333333333
ROU;2024Q1;36889.7;P;2020.0;5.266666666666667
NLD;2024Q2;68025.2;P;2020.0;3.6333333333333333
ISL;2023Q2;67387.8;P;2020.0;3.4333333333333336
ISL;2023Q1;66198.4;P;2020.0;3.4
ISL;2025Q4;63373.2;P;2020.0;5.166666666666667
ISL;2025Q3;64083.1;P;2020.0;4.5
ISL;2025Q2;63475.9;P;2020.0;4.1000000000000005
DEU;2024Q2;60960.5;P;2020.0;3.4
BEL;2025Q3;62406.5;P;2020.0;6.166666666666667
ROU;2024Q2;36712.9;P;2020.0;5.233333333333333
ROU;2025Q1;37188.0;P;2020.0;6.1000000000000005
ROU;2024Q4;37296.7;P;2020.0;5.666666666666667
ROU;2024Q3;36953.8;P;2020.0;5.666666666666667
ROU;2025Q4;36774.1;P;2020.0;6.166666666666667
ROU;2025Q3;37502.5;P;2020.0;6.0
ROU;2025Q2;37517.6;P;2020.0;6.166666666666667
