REF_AREA;QUARTER;GDP_PER_CAPITA_USD_PPP;OBS_STATUS;REF_YEAR_PRICE;UNE_RATE_PCT;GDP_GROWTH_QOQ_PCT;UNE_CHANGE_QOQ_PP;GDP_LAG_1Q;UNE_LAG_1Q;GDP_LAG_2Q;UNE_LAG_2Q;GDP_ROLLING_4Q;UNE_ROLLING_4Q;GDP_GROWTH_YOY_PCT;UNE_CHANGE_YOY_PP;OBS_STATUS_ENC;QUARTER_IDX;YEAR;COUNTRY_IDX;GDP_GROUP;GDP_GROUP_ENC
AUS;2023Q1;58264.4;A;2020.0;3.6210123333333333;;;;;;;;;;;2;0;2023;0;HIGH;1
AUS;2023Q2;58209.9;A;2020.0;3.5997939999999997;-0.09353910792868625;-0.02121833333333356;58264.4;3.6210123333333333;;;58237.15;3.6104031666666665;;;2;1;2023;0;HIGH;1
AUS;2023Q3;58071.7;A;2020.0;3.653915;-0.23741665936550804;0.05412100000000031;58209.9;3.5997939999999997;58264.4;3.6210123333333333;58182.0;3.6249071111111113;;;2;2;2023;0;HIGH;1
AUS;2023Q4;57796.6;A;2020.0;3.900831333333333;-0.47372472305787783;0.24691633333333307;58071.7;3.653915;58209.9;3.5997939999999997;58085.65;3.6938881666666665;;;2;3;2023;0;HIGH;1
AUS;2024Q1;57602.8;A;2020.0;3.9086169999999996;-0.33531384199070313;0.007785666666666469;57796.6;3.900831333333333;58071.7;3.653915;57920.25;3.765789333333333;-1.1355132808370083;0.2876046666666663;2;4;2024;0;HIGH;1
AUS;2024Q2;57576.3;A;2020.0;4.034713333333333;-0.04600470810446344;0.1260963333333338;57602.8;3.9086169999999996;57796.6;3.900831333333333;57761.85;3.8745191666666665;-1.0884746409115964;0.43491933333333366;2;5;2024;0;HIGH;1
AUS;2024Q3;57526.3;A;2020.0;4.117056333333333;-0.08684128712682648;0.08234299999999983;57576.3;4.034713333333333;57602.8;3.9086169999999996;57625.5;3.9903044999999997;-0.9391838020929244;0.4631413333333332;2;6;2024;0;HIGH;1
AUS;2024Q4;57594.2;A;2020.0;4.0104359999999994;0.11803296926795603;-0.10662033333333376;57526.3;4.117056333333333;57576.3;4.034713333333333;57574.9;4.017705666666666;-0.35019361000474536;0.10960466666666635;2;7;2024;0;HIGH;1
AUS;2025Q1;57443.6;A;2020.0;4.091478666666666;-0.26148466338624665;0.08104266666666682;57594.2;4.0104359999999994;57526.3;4.117056333333333;57535.100000000006;4.063421083333333;-0.2763754539710006;0.1828616666666667;2;8;2025;0;HIGH;1
AUS;2025Q2;57827.2;A;2020.0;4.152140666666667;0.6677854452018961;0.06066200000000066;57443.6;4.091478666666666;57594.2;4.0104359999999994;57597.825;4.092777916666667;0.43576957880238076;0.11742733333333355;2;9;2025;0;HIGH;1
AUS;2025Q3;57815.7;A;2020.0;4.315131333333333;-0.01988683526091828;0.1629906666666665;57827.2;4.152140666666667;57443.6;4.091478666666666;57670.175;4.142296666666667;0.5030742460405024;0.19807500000000022;2;10;2025;0;HIGH;1
AUT;2023Q1;63727.8;A;2020.0;4.966666666666666;;;;;;;;;;;2;0;2023;1;HIGH;1
AUT;2023Q2;62879.0;A;2020.0;5.0;-1.3319148001343262;0.0333333333333341;63727.8;4.966666666666666;;;63303.4;4.9833333333333325;;;2;1;2023;1;HIGH;1
AUT;2023Q3;62472.0;A;2020.0;5.433333333333334;-0.6472749248556786;0.43333333333333357;62879.0;5.0;63727.8;4.966666666666666;63026.26666666666;5.133333333333333;;;2;2;2023;1;HIGH;1
AUT;2023Q4;62068.1;A;2020.0;5.166666666666667;-0.6465296452810909;-0.2666666666666666;62472.0;5.433333333333334;62879.0;5.0;62786.725;5.141666666666667;;;2;3;2023;1;HIGH;1
AUT;2024Q1;62064.2;A;2020.0;4.866666666666667;-0.006283420952146734;-0.2999999999999998;62068.1;5.166666666666667;62472.0;5.433333333333334;62370.825;5.116666666666667;-2.6104776879164238;-0.09999999999999876;2;4;2024;1;HIGH;1
AUT;2024Q2;61909.8;A;2020.0;5.133333333333334;-0.2487746559207915;0.2666666666666666;62064.2;4.866666666666667;62068.1;5.166666666666667;62128.524999999994;5.15;-1.541373113440092;0.13333333333333375;2;5;2024;1;HIGH;1
AUT;2024Q3;61800.0;A;2020.0;5.333333333333333;-0.17735479681730837;0.1999999999999993;61909.8;5.133333333333334;62064.2;4.866666666666667;61960.524999999994;5.125;-1.075681905493664;-0.10000000000000053;2;6;2024;1;HIGH;1
AUT;2024Q4;62004.5;A;2020.0;5.366666666666667;0.33090614886730485;0.0333333333333341;61800.0;5.333333333333333;61909.8;5.133333333333334;61944.625;5.175000000000001;-0.1024680955273305;0.20000000000000018;2;7;2024;1;HIGH;1
AUT;2025Q1;62196.3;A;2020.0;5.466666666666666;0.30933238716546185;0.09999999999999876;62004.5;5.366666666666667;61800.0;5.333333333333333;61977.65;5.325;0.21284411947628534;0.5999999999999988;2;8;2025;1;HIGH;1
AUT;2025Q2;62258.9;A;2020.0;5.733333333333333;0.10064907398028566;0.2666666666666675;62196.3;5.466666666666666;62004.5;5.366666666666667;62064.925;5.475;0.5638848776768679;0.5999999999999996;2;9;2025;1;HIGH;1
AUT;2025Q3;62429.0;A;2020.0;5.733333333333333;0.2732139501340436;0.0;62258.9;5.733333333333333;62196.3;5.466666666666666;62222.175;5.574999999999999;1.0177993527508145;0.40000000000000036;2;10;2025;1;HIGH;1
AUT;2025Q4;62506.1;A;2020.0;5.833333333333333;0.12350029633663162;0.09999999999999964;62429.0;5.733333333333333;62258.9;5.733333333333333;62347.575000000004;5.691666666666666;0.8089735422428967;0.4666666666666659;2;11;2025;1;HIGH;1
BEL;2023Q1;61630.0;A;2020.0;5.599999999999999;;;;;;;;;;;2;0;2023;2;HIGH;1
BEL;2023Q2;61693.8;A;2020.0;5.666666666666667;0.10352101249391232;0.0666666666666682;61630.0;5.599999999999999;;;61661.9;5.633333333333333;;;2;1;2023;2;HIGH;1
BEL;2023Q3;61695.2;A;2020.0;5.366666666666667;0.00226927179067804;-0.2999999999999998;61693.8;5.666666666666667;61630.0;5.599999999999999;61673.0;5.544444444444444;;;2;2;2023;2;HIGH;1
BEL;2023Q4;61811.3;A;2020.0;5.533333333333334;0.18818319739624112;0.16666666666666696;61695.2;5.366666666666667;61693.8;5.666666666666667;61707.575;5.541666666666667;;;2;3;2023;2;HIGH;1
BEL;2024Q1;61963.2;P;2020.0;5.7;0.2457479457639522;0.16666666666666607;61811.3;5.533333333333334;61695.2;5.366666666666667;61790.875;5.566666666666667;0.5406457893882832;0.10000000000000142;1;4;2024;2;HIGH;1
BEL;2024Q2;61992.0;P;2020.0;5.599999999999999;0.04647920055775856;-0.10000000000000142;61963.2;5.7;61811.3;5.533333333333334;61865.425;5.55;0.48335489141533294;-0.0666666666666682;1;5;2024;2;HIGH;1
BEL;2024Q3;62050.5;P;2020.0;5.7;0.09436701509872858;0.10000000000000142;61992.0;5.599999999999999;61963.2;5.7;61954.25;5.633333333333333;0.5758956936682269;0.33333333333333304;1;6;2024;2;HIGH;1
BEL;2024Q4;62053.5;P;2020.0;5.8999999999999995;0.004834771677897365;0.1999999999999993;62050.5;5.7;61992.0;5.599999999999999;62014.8;5.725;0.3918377384070526;0.36666666666666536;1;7;2024;2;HIGH;1
BEL;2025Q1;62235.4;P;2020.0;6.166666666666667;0.2931341503702445;0.2666666666666675;62053.5;5.8999999999999995;62050.5;5.7;62082.85;5.841666666666667;0.4392929997159678;0.4666666666666668;1;8;2025;2;HIGH;1
BEL;2025Q2;62324.3;P;2020.0;6.066666666666666;0.1428447475231076;-0.10000000000000053;62235.4;6.166666666666667;62053.5;5.8999999999999995;62165.925;5.958333333333334;0.5360369079881355;0.4666666666666677;1;9;2025;2;HIGH;1
BEL;2025Q3;62406.5;P;2020.0;6.166666666666667;0.13189077133637372;0.10000000000000053;62324.3;6.066666666666666;62235.4;6.166666666666667;62254.925;6.074999999999999;0.5737262391116937;0.4666666666666668;1;10;2025;2;HIGH;1
BEL;2025Q4;62391.7;P;2020.0;6.400000000000001;-0.02371547835562371;0.23333333333333428;62406.5;6.166666666666667;62324.3;6.066666666666666;62339.475;6.2;0.5450135769940356;0.5000000000000018;1;11;2025;2;HIGH;1
BGR;2023Q1;29638.6;A;2020.0;4.066666666666666;;;;;;;;;;;2;0;2023;3;LOW;0
BGR;2023Q2;29663.1;A;2020.0;4.466666666666667;0.08266247393602377;0.40000000000000036;29638.6;4.066666666666666;;;29650.85;4.266666666666667;;;2;1;2023;3;LOW;0
BGR;2023Q3;29853.0;A;2020.0;4.433333333333334;0.6401893261324787;-0.033333333333333215;29663.1;4.466666666666667;29638.6;4.066666666666666;29718.233333333334;4.322222222222222;;;2;2;2023;3;LOW;0
BGR;2023Q4;30077.6;A;2020.0;4.333333333333333;0.7523531973335995;-0.10000000000000053;29853.0;4.433333333333334;29663.1;4.466666666666667;29808.074999999997;4.325;;;2;3;2023;3;LOW;0
BGR;2024Q1;30352.9;A;2020.0;4.666666666666667;0.9152990930127558;0.3333333333333339;30077.6;4.333333333333333;29853.0;4.433333333333334;29986.649999999998;4.475;2.4100328625508816;0.6000000000000005;2;4;2024;3;LOW;0
BGR;2024Q2;30640.2;A;2020.0;4.133333333333333;0.9465322918073671;-0.5333333333333341;30352.9;4.666666666666667;30077.6;4.333333333333333;30230.925;4.391666666666667;3.2939915248237694;-0.3333333333333339;2;5;2024;3;LOW;0
BGR;2024Q3;30896.8;A;2020.0;3.966666666666667;0.83746189646281;-0.16666666666666607;30640.2;4.133333333333333;30352.9;4.666666666666667;30491.875;4.275;3.4964660168157247;-0.4666666666666668;2;6;2024;3;LOW;0
BGR;2024Q4;31229.5;A;2020.0;3.9333333333333336;1.076810543486717;-0.033333333333333215;30896.8;3.966666666666667;30640.2;4.133333333333333;30779.85;4.175000000000001;3.829760353219669;-0.39999999999999947;2;7;2024;3;LOW;0
BGR;2025Q1;31446.3;P;2020.0;3.533333333333333;0.6942154053058758;-0.40000000000000036;31229.5;3.9333333333333336;30896.8;3.966666666666667;31053.2;3.8916666666666666;3.6022917085352546;-1.1333333333333337;1;8;2025;3;LOW;0
BGR;2025Q2;31737.8;P;2020.0;3.533333333333333;0.9269771006445993;0.0;31446.3;3.533333333333333;31229.5;3.9333333333333336;31327.6;3.7416666666666667;3.582222048158945;-0.5999999999999996;1;9;2025;3;LOW;0
BGR;2025Q3;31984.2;P;2020.0;3.733333333333333;0.7763613104878164;0.19999999999999973;31737.8;3.533333333333333;31446.3;3.533333333333333;31599.45;3.683333333333333;3.5194583257813106;-0.23333333333333384;1;10;2025;3;LOW;0
BGR;2025Q4;32265.8;P;2020.0;3.3000000000000003;0.8804347146403435;-0.4333333333333327;31984.2;3.733333333333333;31737.8;3.533333333333333;31858.525;3.525;3.318336828959789;-0.6333333333333333;1;11;2025;3;LOW;0
CAN;2023Q1;52820.1;A;2020.0;5.133333333333333;;;;;;;;;;;2;0;2023;4;HIGH;1
CAN;2023Q2;52603.4;A;2020.0;5.233333333333333;-0.4102604879581806;0.10000000000000053;52820.1;5.133333333333333;;;52711.75;5.183333333333334;;;2;1;2023;4;HIGH;1
CAN;2023Q3;52206.9;A;2020.0;5.433333333333334;-0.7537535596558342;0.20000000000000018;52603.4;5.233333333333333;52820.1;5.133333333333333;52543.46666666667;5.266666666666667;;;2;2;2023;4;HIGH;1
CAN;2023Q4;51693.6;A;2020.0;5.766666666666667;-0.9832033696695275;0.33333333333333304;52206.9;5.433333333333334;52603.4;5.233333333333333;52331.0;5.391666666666667;;;2;3;2023;4;HIGH;1
CAN;2024Q1;51741.9;A;2020.0;5.8999999999999995;0.09343516412090302;0.13333333333333286;51693.6;5.766666666666667;52206.9;5.433333333333334;52061.45;5.583333333333333;-2.0412683807868537;0.7666666666666666;2;4;2024;4;HIGH;1
CAN;2024Q2;51825.9;A;2020.0;6.3;0.16234425098420324;0.40000000000000036;51741.9;5.8999999999999995;51693.6;5.766666666666667;51867.075;5.85;-1.4780413433352235;1.0666666666666664;2;5;2024;4;HIGH;1
CAN;2024Q3;51905.9;A;2020.0;6.5;0.15436297295368107;0.20000000000000018;51825.9;6.3;51741.9;5.8999999999999995;51791.825000000004;6.116666666666666;-0.5765521415751595;1.0666666666666664;2;6;2024;4;HIGH;1
CAN;2024Q4;51978.0;A;2020.0;6.766666666666667;0.13890521116095567;0.2666666666666666;51905.9;6.5;51825.9;6.3;51862.925;6.366666666666666;0.5501648173081408;1.0;2;7;2024;4;HIGH;1
CAN;2025Q1;52248.8;A;2020.0;6.7;0.5209896494670962;-0.06666666666666643;51978.0;6.766666666666667;51905.9;6.5;51989.65;6.566666666666666;0.9796702479035302;0.8000000000000007;2;8;2025;4;HIGH;1
CAN;2025Q2;52084.5;A;2020.0;6.933333333333334;-0.3144569827441046;0.2333333333333334;52248.8;6.7;51978.0;6.766666666666667;52054.3;6.725;0.49897831007275073;0.6333333333333337;2;9;2025;4;HIGH;1
CAN;2025Q3;52271.1;A;2020.0;7.033333333333334;0.35826397488696315;0.10000000000000053;52084.5;6.933333333333334;52248.8;6.7;52145.6;6.858333333333333;0.7035809031343154;0.5333333333333341;2;10;2025;4;HIGH;1
CAN;2025Q4;52237.7;A;2020.0;6.766666666666667;-0.06389764133527542;-0.2666666666666675;52271.1;7.033333333333334;52084.5;6.933333333333334;52210.524999999994;6.858333333333334;0.499634460733378;0.0;2;11;2025;4;HIGH;1
CHL;2023Q1;28035.1;A;2020.0;8.51452;;;;;;;;;;;2;0;2023;5;LOW;0
CHL;2023Q2;28092.2;A;2020.0;8.488384666666667;0.20367325245853607;-0.02613533333333251;28035.1;8.51452;;;28063.65;8.501452333333333;;;2;1;2023;5;LOW;0
CHL;2023Q3;28289.3;A;2020.0;8.807789666666666;0.7016182427862505;0.3194049999999997;28092.2;8.488384666666667;28035.1;8.51452;28138.86666666667;8.603564777777777;;;2;2;2023;5;LOW;0
CHL;2023Q4;28314.7;A;2020.0;8.894355;0.08978659775957798;0.08656533333333272;28289.3;8.807789666666666;28092.2;8.488384666666667;28182.825;8.676262333333334;;;2;3;2023;5;LOW;0
CHL;2024Q1;28649.6;A;2020.0;8.480173333333333;1.1827778503745279;-0.414181666666666;28314.7;8.894355;28289.3;8.807789666666666;28336.45;8.667675666666668;2.1918951599958714;-0.03434666666666608;2;4;2024;5;LOW;0
CHL;2024Q2;28401.1;A;2020.0;8.328021666666666;-0.8673768569194662;-0.15215166666666669;28649.6;8.480173333333333;28314.7;8.894355;28413.675;8.627584916666667;1.0995934814646002;-0.16036300000000026;2;5;2024;5;LOW;0
CHL;2024Q3;28823.9;A;2020.0;8.613756333333333;1.4886747344293072;0.28573466666666647;28401.1;8.328021666666666;28649.6;8.480173333333333;28547.324999999997;8.579076583333332;1.8897604394594536;-0.1940333333333335;2;6;2024;5;LOW;0
CHL;2024Q4;29051.0;A;2020.0;8.438572333333333;0.7878878291972979;-0.17518399999999978;28823.9;8.613756333333333;28401.1;8.328021666666666;28731.399999999998;8.465130916666666;2.6004160383122477;-0.455782666666666;2;7;2024;5;LOW;0
CHL;2025Q1;29312.8;A;2020.0;8.571713666666668;0.9011737978038559;0.13314133333333444;29051.0;8.438572333333333;28823.9;8.613756333333333;28897.2;8.488016;2.314866525187087;0.09154033333333444;2;8;2025;5;LOW;0
CHL;2025Q2;29355.4;A;2020.0;8.713891666666667;0.145329003029393;0.14217799999999947;29312.8;8.571713666666668;29051.0;8.438572333333333;29135.775;8.584483500000001;3.3600811236184525;0.3858700000000006;2;9;2025;5;LOW;0
CHL;2025Q3;29215.2;A;2020.0;8.381431999999998;-0.4775952635630909;-0.3324596666666686;29355.4;8.713891666666667;29312.8;8.571713666666668;29233.600000000002;8.526402416666667;1.357553974306036;-0.23232433333333447;2;10;2025;5;LOW;0
CHL;2025Q4;29324.5;A;2020.0;8.580675666666666;0.37412032092882797;0.1992436666666677;29215.2;8.381431999999998;29355.4;8.713891666666667;29301.975000000002;8.56192825;0.9414477986988468;0.14210333333333303;2;11;2025;5;LOW;0
COL;2023Q1;18636.5;A;2020.0;10.389104;;;;;;;;;;;2;0;2023;6;LOW;0
COL;2023Q2;18446.9;A;2020.0;10.236215333333334;-1.0173584095725996;-0.15288866666666578;18636.5;10.389104;;;18541.7;10.312659666666667;;;2;1;2023;6;LOW;0
COL;2023Q3;18337.9;A;2020.0;9.618097;-0.5908851893814182;-0.6181183333333333;18446.9;10.236215333333334;18636.5;10.389104;18473.766666666666;10.08113877777778;;;2;2;2023;6;LOW;0
COL;2023Q4;18443.0;A;2020.0;10.394016666666666;0.5731299658085165;0.775919666666665;18337.9;9.618097;18446.9;10.236215333333334;18466.075;10.15935825;;;2;3;2023;6;LOW;0
COL;2024Q1;18441.1;A;2020.0;10.608023333333334;-0.010302011603324779;0.214006666666668;18443.0;10.394016666666666;18337.9;9.618097;18417.225;10.214088083333333;-1.048480133072205;0.2189193333333339;2;4;2024;6;LOW;0
COL;2024Q2;18569.9;A;2020.0;10.463706666666667;0.6984398978369111;-0.14431666666666665;18441.1;10.608023333333334;18443.0;10.394016666666666;18447.975;10.270960916666667;0.6667786999441594;0.22749133333333305;2;5;2024;6;LOW;0
COL;2024Q3;18464.3;A;2020.0;9.837871999999999;-0.5686621898879474;-0.6258346666666679;18569.9;10.463706666666667;18441.1;10.608023333333334;18479.575;10.325904666666666;0.6892828513624716;0.2197749999999985;2;6;2024;6;LOW;0
COL;2024Q4;18729.4;A;2020.0;9.728196666666667;1.4357435700243393;-0.10967533333333179;18464.3;9.837871999999999;18569.9;10.463706666666667;18551.175;10.159449666666667;1.5528926964159862;-0.6658199999999983;2;7;2024;6;LOW;0
COL;2025Q1;18762.3;A;2020.0;9.383700333333332;0.17565965807766482;-0.3444963333333355;18729.4;9.728196666666667;18464.3;9.837871999999999;18631.475;9.853368916666666;1.7417616085808385;-1.2243230000000018;2;8;2025;6;LOW;0
COL;2025Q2;18722.8;A;2020.0;8.851975666666666;-0.21052855993135555;-0.5317246666666655;18762.3;9.383700333333332;18729.4;9.728196666666667;18669.7;9.450436166666666;0.8233754624418888;-1.6117310000000007;2;9;2025;6;LOW;0
COL;2025Q3;18958.2;A;2020.0;8.784044333333334;1.2572905761958797;-0.06793133333333223;18722.8;8.851975666666666;18762.3;9.383700333333332;18793.175;9.18697925;2.674891547472691;-1.053827666666665;2;10;2025;6;LOW;0
CRI;2023Q1;25073.3;A;2020.0;10.326867666666667;;;;;;;;;;;2;0;2023;7;LOW;0
CRI;2023Q2;25420.9;A;2020.0;9.706139;1.3863352650030247;-0.6207286666666665;25073.3;10.326867666666667;;;25247.1;10.016503333333333;;;2;1;2023;7;LOW;0
CRI;2023Q3;25601.9;A;2020.0;8.317846333333334;0.7120125565971414;-1.3882926666666666;25420.9;9.706139;25073.3;10.326867666666667;25365.36666666667;9.450284333333334;;;2;2;2023;7;LOW;0
CRI;2023Q4;25757.6;A;2020.0;7.447611666666667;0.6081579882742938;-0.8702346666666667;25601.9;8.317846333333334;25420.9;9.706139;25463.425;8.949616166666667;;;2;3;2023;7;LOW;0
CRI;2024Q1;25967.2;A;2020.0;7.809183333333333;0.8137404105972745;0.3615716666666664;25757.6;7.447611666666667;25601.9;8.317846333333334;25686.9;8.320195083333335;3.5651469890281673;-2.5176843333333334;2;4;2024;7;LOW;0
CRI;2024Q2;26207.3;A;2020.0;8.215935666666667;0.9246279922363598;0.4067523333333334;25967.2;7.809183333333333;25757.6;7.447611666666667;25883.5;7.947644250000001;3.093517538718138;-1.4902033333333335;2;5;2024;7;LOW;0
CRI;2024Q3;26297.5;A;2020.0;6.917025333333332;0.34417891198255113;-1.2989103333333345;26207.3;8.215935666666667;25967.2;7.809183333333333;26057.399999999998;7.597439;2.7169858487065435;-1.4008210000000014;2;6;2024;7;LOW;0
CRI;2024Q4;26586.5;A;2020.0;7.005929666666667;1.0989637798269891;0.08890433333333458;26297.5;6.917025333333332;26207.3;8.215935666666667;26264.625;7.4870185;3.21807932416065;-0.44168200000000013;2;7;2024;7;LOW;0
CRI;2025Q1;26713.0;A;2020.0;7.330810333333333;0.47580538995355415;0.32488066666666615;26586.5;7.005929666666667;26297.5;6.917025333333332;26451.074999999997;7.36742525;2.8720847838811903;-0.4783730000000004;2;8;2025;7;LOW;0
CRI;2025Q2;27252.2;A;2020.0;6.858511;2.018492868640731;-0.47229933333333296;26713.0;7.330810333333333;26586.5;7.005929666666667;26712.300000000003;7.0280690833333335;3.9870570413587103;-1.3574246666666667;2;9;2025;7;LOW;0
CRI;2025Q3;27408.5;A;2020.0;6.214135333333334;0.5735316781764421;-0.644375666666666;27252.2;6.858511;26713.0;7.330810333333333;26990.050000000003;6.8523465833333335;4.2247361916532;-0.7028899999999982;2;10;2025;7;LOW;0
CRI;2025Q4;27564.5;A;2020.0;6.412633;0.5691664994436074;0.19849766666666557;27408.5;6.214135333333334;27252.2;6.858511;27234.550000000003;6.704022416666667;3.6785586669926484;-0.5932966666666672;2;11;2025;7;LOW;0
CZE;2023Q1;47263.9;A;2020.0;2.533333333333333;;;;;;;;;;;2;0;2023;8;HIGH;1
CZE;2023Q2;47381.4;A;2020.0;2.566666666666667;0.2486041143451967;0.03333333333333366;47263.9;2.533333333333333;;;47322.65;2.55;;;2;1;2023;8;HIGH;1
CZE;2023Q3;47095.4;A;2020.0;2.6333333333333333;-0.6036123879834654;0.06666666666666643;47381.4;2.566666666666667;47263.9;2.533333333333333;47246.9;2.577777777777778;;;2;2;2023;8;HIGH;1
CZE;2023Q4;47250.3;A;2020.0;2.766666666666667;0.32890685714528356;0.13333333333333375;47095.4;2.6333333333333333;47381.4;2.566666666666667;47247.75;2.625;;;2;3;2023;8;HIGH;1
CZE;2024Q1;47339.5;A;2020.0;2.8666666666666667;0.18878187016801995;0.09999999999999964;47250.3;2.766666666666667;47095.4;2.6333333333333333;47266.65;2.7083333333333335;0.15995294505954938;0.3333333333333335;2;4;2024;8;HIGH;1
CZE;2024Q2;47575.0;A;2020.0;2.6999999999999997;0.49747039998309095;-0.16666666666666696;47339.5;2.8666666666666667;47250.3;2.766666666666667;47315.05;2.7416666666666667;0.408599154942646;0.13333333333333286;2;5;2024;8;HIGH;1
CZE;2024Q3;47774.6;A;2020.0;2.733333333333333;0.41954808197581794;0.033333333333333215;47575.0;2.6999999999999997;47339.5;2.8666666666666667;47484.85;2.7666666666666666;1.4421790663206924;0.09999999999999964;2;6;2024;8;HIGH;1
CZE;2024Q4;48133.8;A;2020.0;2.6666666666666665;0.7518639611844069;-0.06666666666666643;47774.6;2.733333333333333;47575.0;2.6999999999999997;47705.725000000006;2.7416666666666667;1.8698293979085845;-0.10000000000000053;2;7;2024;8;HIGH;1
CZE;2025Q1;48472.5;A;2020.0;2.6333333333333333;0.7036635378881329;-0.033333333333333215;48133.8;2.6666666666666665;47774.6;2.733333333333333;47988.975000000006;2.683333333333333;2.3933501621267617;-0.2333333333333334;2;8;2025;8;HIGH;1
CZE;2025Q2;48784.5;A;2020.0;2.9;0.6436639331579785;0.2666666666666666;48472.5;2.6333333333333333;48133.8;2.6666666666666665;48291.350000000006;2.7333333333333334;2.542301629006838;0.20000000000000018;2;9;2025;8;HIGH;1
CZE;2025Q3;49142.4;A;2020.0;3.0;0.7336346585493425;0.10000000000000009;48784.5;2.9;48472.5;2.6333333333333333;48633.3;2.8;2.8630276339310035;0.26666666666666705;2;10;2025;8;HIGH;1
CZE;2025Q4;49562.6;A;2020.0;3.1666666666666665;0.8550660936380794;0.16666666666666652;49142.4;3.0;48784.5;2.9;48990.5;2.925;2.9683922732050894;0.5;2;11;2025;8;HIGH;1
DEU;2023Q1;61655.8;P;2020.0;3.033333333333333;;;;;;;;;;;1;0;2023;9;HIGH;1
DEU;2023Q2;61560.8;P;2020.0;3.0;-0.15408120566110517;-0.033333333333333215;61655.8;3.033333333333333;;;61608.3;3.0166666666666666;;;1;1;2023;9;HIGH;1
DEU;2023Q3;61495.7;P;2020.0;3.0666666666666664;-0.10574911307196233;0.06666666666666643;61560.8;3.0;61655.8;3.033333333333333;61570.76666666666;3.033333333333333;;;1;2;2023;9;HIGH;1
DEU;2023Q4;61241.3;P;2020.0;3.1666666666666665;-0.4136874610745078;0.10000000000000009;61495.7;3.0666666666666664;61560.8;3.0;61488.4;3.0666666666666664;;;1;3;2023;9;HIGH;1
DEU;2024Q1;61152.7;P;2020.0;3.233333333333333;-0.14467361078227547;0.06666666666666643;61241.3;3.1666666666666665;61495.7;3.0666666666666664;61362.625;3.1166666666666663;-0.8159816270326692;0.19999999999999973;1;4;2024;9;HIGH;1
DEU;2024Q2;60960.5;P;2020.0;3.4;-0.31429519874019984;0.16666666666666696;61152.7;3.233333333333333;61241.3;3.1666666666666665;61212.55;3.2166666666666663;-0.97513352652987;0.3999999999999999;1;5;2024;9;HIGH;1
DEU;2024Q3;60955.4;P;2020.0;3.4;-0.008366073112919814;0.0;60960.5;3.4;61152.7;3.233333333333333;61077.475;3.3;-0.878598015796217;0.3333333333333335;1;6;2024;9;HIGH;1
DEU;2024Q4;61049.6;P;2020.0;3.4333333333333336;0.15453922047923285;0.03333333333333366;60955.4;3.4;60960.5;3.4;61029.55;3.3666666666666667;-0.31302405402890976;0.26666666666666705;1;7;2024;9;HIGH;1
DEU;2025Q1;61281.9;P;2020.0;3.5666666666666664;0.3805102736135879;0.13333333333333286;61049.6;3.4333333333333336;60955.4;3.4;61061.85;3.45;0.21127439998560593;0.3333333333333335;1;8;2025;9;HIGH;1
DEU;2025Q2;61179.7;P;2020.0;3.7000000000000006;-0.16677028616933764;0.1333333333333342;61281.9;3.5666666666666664;61049.6;3.4333333333333336;61116.65;3.5250000000000004;0.35957710320617675;0.3000000000000007;1;9;2025;9;HIGH;1
DEU;2025Q3;61174.6;P;2020.0;3.7999999999999994;-0.008336098411720894;0.09999999999999876;61179.7;3.7000000000000006;61281.9;3.5666666666666664;61171.45;3.625;0.35960718820644555;0.39999999999999947;1;10;2025;9;HIGH;1
DEU;2025Q4;61338.4;P;2020.0;3.9;0.2677581872214896;0.10000000000000053;61174.6;3.7999999999999994;61179.7;3.7000000000000006;61243.65;3.7416666666666667;0.473057972533808;0.46666666666666634;1;11;2025;9;HIGH;1
DNK;2023Q1;66756.9;A;2020.0;4.8;;;;;;;;;;;2;0;2023;10;HIGH;1
DNK;2023Q2;65687.6;A;2020.0;4.8;-1.6017819880791206;0.0;66756.9;4.8;;;66222.25;4.8;;;2;1;2023;10;HIGH;1
DNK;2023Q3;65465.1;A;2020.0;4.833333333333333;-0.33872450812635346;0.033333333333333215;65687.6;4.8;66756.9;4.8;65969.86666666667;4.811111111111111;;;2;2;2023;10;HIGH;1
DNK;2023Q4;66635.5;A;2020.0;6.033333333333334;1.7878228246806405;1.200000000000001;65465.1;4.833333333333333;65687.6;4.8;66136.275;5.116666666666667;;;2;3;2023;10;HIGH;1
DNK;2024Q1;67010.8;A;2020.0;5.8;0.5632133022188013;-0.23333333333333428;66635.5;6.033333333333334;65465.1;4.833333333333333;66199.75;5.366666666666666;0.3803352162847773;1.0;2;4;2024;10;HIGH;1
DNK;2024Q2;68103.3;A;2020.0;6.066666666666666;1.630334214783291;0.2666666666666666;67010.8;5.8;66635.5;6.033333333333334;66803.675;5.683333333333333;3.677558625981159;1.2666666666666666;2;5;2024;10;HIGH;1
DNK;2024Q3;68337.1;A;2020.0;6.3;0.3433020132651565;0.2333333333333334;68103.3;6.066666666666666;67010.8;5.8;67521.675;6.05;4.3870703626818;1.4666666666666668;2;6;2024;10;HIGH;1
DNK;2024Q4;68970.3;A;2020.0;6.6000000000000005;0.9265830712746004;0.3000000000000007;68337.1;6.3;68103.3;6.066666666666666;68105.375;6.191666666666666;3.503838044285712;0.5666666666666664;2;7;2024;10;HIGH;1
DNK;2025Q1;68401.6;A;2020.0;6.366666666666667;-0.8245578169153944;-0.2333333333333334;68970.3;6.6000000000000005;68337.1;6.3;68453.07500000001;6.333333333333334;2.07548633951542;0.5666666666666673;2;8;2025;10;HIGH;1
DNK;2025Q2;69066.1;A;2020.0;6.266666666666667;0.971468503660744;-0.10000000000000053;68401.6;6.366666666666667;68970.3;6.6000000000000005;68693.77500000001;6.383333333333334;1.4137347235743336;0.20000000000000018;2;9;2025;10;HIGH;1
DNK;2025Q3;70625.1;A;2020.0;6.3999999999999995;2.257257902212517;0.13333333333333286;69066.1;6.266666666666667;68401.6;6.366666666666667;69265.77500000001;6.408333333333333;3.3481081286738767;0.09999999999999964;2;10;2025;10;HIGH;1
DNK;2025Q4;70859.2;A;2020.0;6.466666666666666;0.3314685572126441;0.06666666666666643;70625.1;6.3999999999999995;69066.1;6.266666666666667;69738.0;6.375;2.738715070109876;-0.13333333333333464;2;11;2025;10;HIGH;1
ESP;2023Q1;44641.2;P;2020.0;12.833333333333334;;;;;;;;;;;1;0;2023;11;LOW;0
ESP;2023Q2;44618.6;P;2020.0;12.0;-0.050625879232635285;-0.8333333333333339;44641.2;12.833333333333334;;;44629.899999999994;12.416666666666668;;;1;1;2023;11;LOW;0
ESP;2023Q3;44840.1;P;2020.0;12.0;0.4964297400635642;0.0;44618.6;12.0;44641.2;12.833333333333334;44699.96666666667;12.277777777777779;;;1;2;2023;11;LOW;0
ESP;2023Q4;45050.2;P;2020.0;11.966666666666667;0.4685538167845227;-0.033333333333333215;44840.1;12.0;44618.6;12.0;44787.524999999994;12.2;;;1;3;2023;11;LOW;0
ESP;2024Q1;45432.5;P;2020.0;11.766666666666666;0.8486088851991758;-0.20000000000000107;45050.2;11.966666666666667;44840.1;12.0;44985.34999999999;11.933333333333334;1.772577798087882;-1.0666666666666682;1;4;2024;11;LOW;0
ESP;2024Q2;45757.3;P;2020.0;11.566666666666668;0.7149067297639311;-0.1999999999999975;45432.5;11.766666666666666;45050.2;11.966666666666667;45270.025;11.825;2.55207469530645;-0.4333333333333318;1;5;2024;11;LOW;0
ESP;2024Q3;45994.1;P;2020.0;11.266666666666666;0.5175130525620908;-0.3000000000000025;45757.3;11.566666666666668;45432.5;11.766666666666666;45558.525;11.641666666666666;2.5735892649659586;-0.7333333333333343;1;6;2024;11;LOW;0
ESP;2024Q4;46242.8;P;2020.0;10.833333333333334;0.5407215273263377;-0.4333333333333318;45994.1;11.266666666666666;45757.3;11.566666666666668;45856.675;11.358333333333333;2.6472690465303206;-1.1333333333333329;1;7;2024;11;LOW;0
ESP;2025Q1;46396.1;P;2020.0;10.833333333333334;0.33151106766891036;0.0;46242.8;10.833333333333334;45994.1;11.266666666666666;46097.575000000004;11.125000000000002;2.1209486601001526;-0.9333333333333318;1;8;2025;11;LOW;0
ESP;2025Q2;46627.1;P;2020.0;10.566666666666666;0.49788667581973645;-0.2666666666666675;46396.1;10.833333333333334;46242.8;10.833333333333334;46315.025;10.875;1.9008988729667164;-1.0000000000000018;1;9;2025;11;LOW;0
ESP;2025Q3;46814.7;P;2020.0;10.5;0.4023411277990663;-0.06666666666666643;46627.1;10.566666666666666;46396.1;10.833333333333334;46520.174999999996;10.683333333333334;1.7841418790671026;-0.7666666666666657;1;10;2025;11;LOW;0
ESP;2025Q4;47028.1;P;2020.0;10.2;0.45583972555629515;-0.3000000000000007;46814.7;10.5;46627.1;10.566666666666666;46716.5;10.525;1.6982103159843165;-0.6333333333333346;1;11;2025;11;LOW;0
EST;2023Q1;41294.0;A;2020.0;5.466666666666666;;;;;;;;;;;2;0;2023;12;LOW;0
EST;2023Q2;41209.3;A;2020.0;6.766666666666667;-0.20511454448587374;1.3000000000000007;41294.0;5.466666666666666;;;41251.65;6.116666666666666;;;2;1;2023;12;LOW;0
EST;2023Q3;41037.0;A;2020.0;7.1000000000000005;-0.418109504407993;0.3333333333333339;41209.3;6.766666666666667;41294.0;5.466666666666666;41180.1;6.444444444444444;;;2;2;2023;12;LOW;0
EST;2023Q4;41168.0;A;2020.0;6.3999999999999995;0.31922411482321333;-0.7000000000000011;41037.0;7.1000000000000005;41209.3;6.766666666666667;41177.075;6.433333333333334;;;2;3;2023;12;LOW;0
EST;2024Q1;41073.2;A;2020.0;7.666666666666667;-0.23027594247960748;1.2666666666666675;41168.0;6.3999999999999995;41037.0;7.1000000000000005;41121.875;6.983333333333333;-0.5347023780694626;2.200000000000001;2;4;2024;12;LOW;0
EST;2024Q2;40838.0;A;2020.0;7.633333333333333;-0.5726361715181594;-0.0333333333333341;41073.2;7.666666666666667;41168.0;6.3999999999999995;41029.05;7.199999999999999;-0.9010102088606309;0.8666666666666663;2;5;2024;12;LOW;0
EST;2024Q3;40810.5;A;2020.0;7.7;-0.06733924286204118;0.06666666666666732;40838.0;7.633333333333333;41073.2;7.666666666666667;40972.425;7.35;-0.5519409313546331;0.5999999999999996;2;6;2024;12;LOW;0
EST;2024Q4;40814.5;A;2020.0;7.533333333333334;0.009801399149722556;-0.16666666666666607;40810.5;7.7;40838.0;7.633333333333333;40884.05;7.633333333333334;-0.8586766420520808;1.1333333333333346;2;7;2024;12;LOW;0
EST;2025Q1;40963.7;A;2020.0;8.166666666666666;0.3655563586470345;0.633333333333332;40814.5;7.533333333333334;40810.5;7.7;40856.675;7.758333333333334;-0.26659719719914765;0.4999999999999991;2;8;2025;12;LOW;0
EST;2025Q2;41249.3;A;2020.0;7.7;0.6972026452688684;-0.4666666666666659;40963.7;8.166666666666666;40814.5;7.533333333333334;40959.5;7.775;1.007150203242091;0.06666666666666732;2;9;2025;12;LOW;0
EST;2025Q3;41344.7;A;2020.0;7.3999999999999995;0.23127665196740477;-0.3000000000000007;41249.3;7.7;40963.7;8.166666666666666;41093.05;7.699999999999999;1.3089768564462423;-0.3000000000000007;2;10;2025;12;LOW;0
EST;2025Q4;41451.5;A;2020.0;6.566666666666666;0.25831605985773276;-0.833333333333333;41344.7;7.3999999999999995;41249.3;7.7;41252.3;7.458333333333334;1.560719842212932;-0.9666666666666677;2;11;2025;12;LOW;0
FIN;2023Q1;54420.2;A;2020.0;6.766666666666667;;;;;;;;;;;2;0;2023;13;HIGH;1
FIN;2023Q2;54559.1;A;2020.0;7.133333333333333;0.2552361071807896;0.36666666666666625;54420.2;6.766666666666667;;;54489.649999999994;6.949999999999999;;;2;1;2023;13;HIGH;1
FIN;2023Q3;53583.4;A;2020.0;7.433333333333334;-1.7883359512895103;0.3000000000000007;54559.1;7.133333333333333;54420.2;6.766666666666667;54187.56666666667;7.111111111111111;;;2;2;2023;13;HIGH;1
FIN;2023Q4;53296.1;A;2020.0;7.533333333333334;-0.5361735164248649;0.10000000000000053;53583.4;7.433333333333334;54559.1;7.133333333333333;53964.7;7.216666666666667;;;2;3;2023;13;HIGH;1
FIN;2024Q1;53634.5;A;2020.0;7.966666666666666;0.6349432697702051;0.4333333333333318;53296.1;7.533333333333334;53583.4;7.433333333333334;53768.274999999994;7.516666666666667;-1.4437653665366867;1.1999999999999993;2;4;2024;13;HIGH;1
FIN;2024Q2;53732.3;A;2020.0;8.3;0.18234531877803217;0.3333333333333348;53634.5;7.966666666666666;53296.1;7.533333333333334;53561.575000000004;7.808333333333334;-1.5154208922067869;1.1666666666666679;2;5;2024;13;HIGH;1
FIN;2024Q3;53916.7;A;2020.0;8.5;0.34318277832885435;0.1999999999999993;53732.3;8.3;53634.5;7.966666666666666;53644.9;8.075;0.6220209990407399;1.0666666666666664;2;6;2024;13;HIGH;1
FIN;2024Q4;53701.1;A;2020.0;8.799999999999999;-0.39987610517705496;0.29999999999999893;53916.7;8.5;53732.3;8.3;53746.15;8.391666666666666;0.7599055090334872;1.2666666666666648;2;7;2024;13;HIGH;1
FIN;2025Q1;53745.3;A;2020.0;9.266666666666666;0.0823074387675593;0.4666666666666668;53701.1;8.799999999999999;53916.7;8.5;53773.850000000006;8.716666666666667;0.20658344908595083;1.2999999999999998;2;8;2025;13;HIGH;1
FIN;2025Q2;53595.5;A;2020.0;9.299999999999999;-0.27872204639289855;0.033333333333333215;53745.3;9.266666666666666;53701.1;8.799999999999999;53739.649999999994;8.966666666666665;-0.2545954667862782;0.9999999999999982;2;9;2025;13;HIGH;1
FIN;2025Q3;53514.9;A;2020.0;9.933333333333332;-0.1503857599985059;0.6333333333333329;53595.5;9.299999999999999;53745.3;9.266666666666666;53639.200000000004;9.325;-0.7452236505572363;1.4333333333333318;2;10;2025;13;HIGH;1
FIN;2025Q4;53627.5;A;2020.0;10.433333333333334;0.21040868991626382;0.5000000000000018;53514.9;9.933333333333332;53595.5;9.299999999999999;53620.8;9.733333333333333;-0.13705492066270475;1.6333333333333346;2;11;2025;13;HIGH;1
FRA;2023Q1;54055.1;A;2020.0;7.099999999999999;;;;;;;;;;;2;0;2023;14;HIGH;1
FRA;2023Q2;54524.3;A;2020.0;7.3;0.8680032041380015;0.20000000000000107;54055.1;7.099999999999999;;;54289.7;7.199999999999999;;;2;1;2023;14;HIGH;1
FRA;2023Q3;54676.2;A;2020.0;7.400000000000001;0.27859138035699615;0.10000000000000142;54524.3;7.3;54055.1;7.099999999999999;54418.53333333333;7.266666666666667;;;2;2;2023;14;HIGH;1
FRA;2023Q4;54898.4;A;2020.0;7.566666666666666;0.4063925437393312;0.1666666666666652;54676.2;7.400000000000001;54524.3;7.3;54538.5;7.341666666666667;;;2;3;2023;14;HIGH;1
FRA;2024Q1;54963.7;A;2020.0;7.5;0.1189470002768589;-0.06666666666666643;54898.4;7.566666666666666;54676.2;7.400000000000001;54765.649999999994;7.441666666666667;1.6808774750208588;0.40000000000000124;2;4;2024;14;HIGH;1
FRA;2024Q2;55079.3;A;2020.0;7.433333333333334;0.2103206297974891;-0.06666666666666643;54963.7;7.5;54898.4;7.566666666666666;54904.4;7.4750000000000005;1.017894773522987;0.13333333333333375;2;5;2024;14;HIGH;1
FRA;2024Q3;55252.7;A;2020.0;7.5;0.31481881578014903;0.06666666666666643;55079.3;7.433333333333334;54963.7;7.5;55048.524999999994;7.5;1.054389295525282;0.09999999999999876;2;6;2024;14;HIGH;1
FRA;2024Q4;55182.3;A;2020.0;7.366666666666667;-0.12741458788437798;-0.13333333333333286;55252.7;7.5;55079.3;7.433333333333334;55119.5;7.45;0.5171371114640833;-0.1999999999999993;2;7;2024;14;HIGH;1
FRA;2025Q1;55208.3;A;2020.0;7.466666666666666;0.04711655730189612;0.09999999999999876;55182.3;7.366666666666667;55252.7;7.5;55180.649999999994;7.441666666666666;0.44502098657841493;-0.0333333333333341;2;8;2025;14;HIGH;1
FRA;2025Q2;55331.2;A;2020.0;7.6000000000000005;0.2226114551616254;0.13333333333333464;55208.3;7.466666666666666;55182.3;7.366666666666667;55243.625;7.483333333333333;0.45734059801050275;0.16666666666666696;2;9;2025;14;HIGH;1
FRA;2025Q3;55540.7;A;2020.0;7.8;0.37862905557803916;0.1999999999999993;55331.2;7.6000000000000005;55208.3;7.466666666666666;55315.625;7.558333333333334;0.5212414958907008;0.2999999999999998;2;10;2025;14;HIGH;1
FRA;2025Q4;55624.0;A;2020.0;8.0;0.149980104679992;0.20000000000000018;55540.7;7.8;55331.2;7.6000000000000005;55426.05;7.716666666666667;0.8004378215478392;0.6333333333333329;2;11;2025;14;HIGH;1
GBR;2023Q1;54571.9;A;2020.0;3.966666666666667;;;;;;;;;;;2;0;2023;15;HIGH;1
GBR;2023Q2;54417.6;A;2020.0;4.166666666666667;-0.282746248527177;0.20000000000000018;54571.9;3.966666666666667;;;54494.75;4.066666666666666;;;2;1;2023;15;HIGH;1
GBR;2023Q3;54137.9;A;2020.0;4.133333333333333;-0.5139881214901054;-0.0333333333333341;54417.6;4.166666666666667;54571.9;3.966666666666667;54375.799999999996;4.088888888888889;;;2;2;2023;15;HIGH;1
GBR;2023Q4;53815.9;A;2020.0;4.0;-0.5947774110188986;-0.13333333333333286;54137.9;4.133333333333333;54417.6;4.166666666666667;54235.825;4.066666666666666;;;2;3;2023;15;HIGH;1
GBR;2024Q1;54058.3;A;2020.0;4.3;0.4504245027956433;0.2999999999999998;53815.9;4.0;54137.9;4.133333333333333;54107.425;4.15;-0.9411437021617286;0.33333333333333304;2;4;2024;15;HIGH;1
GBR;2024Q2;54239.8;A;2020.0;4.266666666666667;0.33574862694534247;-0.033333333333333215;54058.3;4.3;53815.9;4.0;54062.975000000006;4.175;-0.3267325277116151;0.09999999999999964;2;5;2024;15;HIGH;1
GBR;2024Q3;54306.3;A;2020.0;4.233333333333333;0.12260369691627915;-0.033333333333333215;54239.8;4.266666666666667;54058.3;4.3;54105.075000000004;4.199999999999999;0.3110575031539886;0.10000000000000053;2;6;2024;15;HIGH;1
GBR;2024Q4;54499.7;A;2020.0;4.4;0.35612811036656034;0.16666666666666696;54306.3;4.233333333333333;54239.8;4.266666666666667;54276.02500000001;4.3;1.270628197242818;0.40000000000000036;2;7;2024;15;HIGH;1
GBR;2025Q1;54773.7;A;2020.0;4.5;0.5027550610370302;0.09999999999999964;54499.7;4.4;54306.3;4.233333333333333;54454.875;4.35;1.3233860480259096;0.20000000000000018;2;8;2025;15;HIGH;1
GBR;2025Q2;54810.4;A;2020.0;4.7;0.06700295944952472;0.20000000000000018;54773.7;4.5;54499.7;4.4;54597.525;4.458333333333334;1.0519950294801905;0.43333333333333357;2;9;2025;15;HIGH;1
GBR;2025Q3;54827.4;A;2020.0;4.966666666666666;0.031016011559859002;0.2666666666666657;54810.4;4.7;54773.7;4.5;54727.8;4.641666666666667;0.959557178448911;0.7333333333333325;2;10;2025;15;HIGH;1
GBR;2025Q4;54841.6;A;2020.0;5.166666666666667;0.025899459029599115;0.20000000000000107;54827.4;4.966666666666666;54810.4;4.7;54813.274999999994;4.833333333333333;0.6273429028049726;0.7666666666666666;2;11;2025;15;HIGH;1
GRC;2023Q1;34709.6;P;2020.0;11.033333333333333;;;;;;;;;;;1;0;2023;16;LOW;0
GRC;2023Q2;35109.6;P;2020.0;11.433333333333332;1.152418927328469;0.3999999999999986;34709.6;11.033333333333333;;;34909.6;11.233333333333333;;;1;1;2023;16;LOW;0
GRC;2023Q3;35024.5;P;2020.0;11.299999999999999;-0.24238384943149338;-0.13333333333333286;35109.6;11.433333333333332;34709.6;11.033333333333333;34947.9;11.255555555555555;;;1;2;2023;16;LOW;0
GRC;2023Q4;35275.4;P;2020.0;10.433333333333334;0.7163556938714288;-0.8666666666666654;35024.5;11.299999999999999;35109.6;11.433333333333332;35029.775;11.049999999999999;;;1;3;2023;16;LOW;0
GRC;2024Q1;35393.8;P;2020.0;11.266666666666666;0.335644670223445;0.8333333333333321;35275.4;10.433333333333334;35024.5;11.299999999999999;35200.825;11.108333333333333;1.9712125751953469;0.2333333333333325;1;4;2024;16;LOW;0
GRC;2024Q2;35809.9;P;2020.0;10.033333333333333;1.1756296300482028;-1.2333333333333325;35393.8;11.266666666666666;35275.4;10.433333333333334;35375.9;10.758333333333333;1.9946111604803418;-1.3999999999999986;1;5;2024;16;LOW;0
GRC;2024Q3;35929.1;P;2020.0;9.666666666666666;0.332868843532097;-0.36666666666666714;35809.9;10.033333333333333;35393.8;11.266666666666666;35602.05;10.35;2.5827634941255395;-1.6333333333333329;1;6;2024;16;LOW;0
GRC;2024Q4;36109.9;P;2020.0;9.6;0.5032132728067351;-0.06666666666666643;35929.1;9.666666666666666;35809.9;10.033333333333333;35810.675;10.141666666666666;2.365671260992075;-0.8333333333333339;1;7;2024;16;LOW;0
GRC;2025Q1;36301.2;P;2020.0;9.433333333333334;0.5297716138787267;-0.16666666666666607;36109.9;9.6;35929.1;9.666666666666666;36037.524999999994;9.683333333333334;2.563725850290144;-1.8333333333333321;1;8;2025;16;LOW;0
GRC;2025Q2;36432.1;P;2020.0;8.866666666666667;0.3605941401386259;-0.5666666666666664;36301.2;9.433333333333334;36109.9;9.6;36193.075;9.391666666666666;1.7375083426650173;-1.166666666666666;1;9;2025;16;LOW;0
GRC;2025Q3;36630.5;P;2020.0;8.766666666666666;0.5445747019798608;-0.10000000000000142;36432.1;8.866666666666667;36301.2;9.433333333333334;36368.424999999996;9.166666666666668;1.952178039527852;-0.9000000000000004;1;10;2025;16;LOW;0
GRC;2025Q4;36869.7;P;2020.0;8.566666666666666;0.6530077394520939;-0.1999999999999993;36630.5;8.766666666666666;36432.1;8.866666666666667;36558.375;8.908333333333333;2.104132107815304;-1.0333333333333332;1;11;2025;16;LOW;0
HRV;2023Q1;37159.385172198;A;2020.0;6.333333333333333;;;;;;;;;;;2;0;2023;17;LOW;0
HRV;2023Q2;37853.44189945;A;2020.0;6.133333333333333;1.8677831294455327;-0.20000000000000018;37159.385172198;6.333333333333333;;;37506.413535824;6.2333333333333325;;;2;1;2023;17;LOW;0
HRV;2023Q3;37844.593854475;A;2020.0;6.066666666666666;-0.023374479389492997;-0.06666666666666643;37853.44189945;6.133333333333333;37159.385172198;6.333333333333333;37619.14030870767;6.177777777777777;;;2;2;2023;17;LOW;0
HRV;2023Q4;38459.455619309;A;2020.0;5.7;1.6247017135349484;-0.36666666666666625;37844.593854475;6.066666666666666;37853.44189945;6.133333333333333;37829.219136358006;6.058333333333334;;;2;3;2023;17;LOW;0
HRV;2024Q1;38597.924349456;P;2020.0;5.366666666666667;0.36003819585390673;-0.33333333333333304;38459.455619309;5.7;37844.593854475;6.066666666666666;38188.8539306725;5.816666666666666;3.871267435108927;-0.9666666666666659;1;4;2024;17;LOW;0
HRV;2024Q2;38998.220613159;P;2020.0;5.166666666666667;1.0370927205276992;-0.20000000000000018;38597.924349456;5.366666666666667;38459.455619309;5.7;38475.04860909975;5.575;3.0242394251753124;-0.9666666666666659;1;5;2024;17;LOW;0
HRV;2024Q3;39388.391564438;P;2020.0;5.033333333333333;1.0004839839983681;-0.13333333333333375;38998.220613159;5.166666666666667;38597.924349456;5.366666666666667;38860.9980365905;5.316666666666667;4.079308436759588;-1.0333333333333332;1;6;2024;17;LOW;0
HRV;2024Q4;39625.260218661;P;2020.0;4.9;0.6013666585889643;-0.13333333333333286;39388.391564438;5.033333333333333;38998.220613159;5.166666666666667;39152.4491864285;5.116666666666667;3.0312561126494275;-0.7999999999999998;1;7;2024;17;LOW;0
HRV;2025Q1;39981.583606851;P;2020.0;4.966666666666667;0.8992329292570655;0.06666666666666643;39625.260218661;4.9;39388.391564438;5.033333333333333;39498.36400077725;5.016666666666667;3.5848022418710768;-0.40000000000000036;1;8;2025;17;LOW;0
HRV;2025Q2;40228.971042541;P;2020.0;4.833333333333333;0.6187534694038765;-0.13333333333333375;39981.583606851;4.966666666666667;39625.260218661;4.9;39806.051608122754;4.933333333333334;3.155914321297826;-0.3333333333333339;1;9;2025;17;LOW;0
HRV;2025Q3;40387.431570291;P;2020.0;4.866666666666667;0.3938965468006428;0.0333333333333341;40228.971042541;4.833333333333333;39981.583606851;4.966666666666667;40055.811609586;4.8916666666666675;2.5363818276727734;-0.16666666666666607;1;10;2025;17;LOW;0
HRV;2025Q4;40850.897090627;P;2020.0;4.733333333333333;1.1475488841853565;-0.13333333333333375;40387.431570291;4.866666666666667;40228.971042541;4.833333333333333;40362.220827577505;4.85;3.0930695854176404;-0.16666666666666696;1;11;2025;17;LOW;0
HUN;2023Q1;39447.8;A;2020.0;3.9;;;;;;;;;;;2;0;2023;18;LOW;0
HUN;2023Q2;39483.1;A;2020.0;4.0;0.08948534519033213;0.10000000000000009;39447.8;3.9;;;39465.45;3.95;;;2;1;2023;18;LOW;0
HUN;2023Q3;40042.0;A;2020.0;4.1000000000000005;1.415542345965748;0.10000000000000053;39483.1;4.0;39447.8;3.9;39657.63333333333;4.0;;;2;2;2023;18;LOW;0
HUN;2023Q4;40068.3;A;2020.0;4.3;0.0656810349133563;0.1999999999999993;40042.0;4.1000000000000005;39483.1;4.0;39760.3;4.075;;;2;3;2023;18;LOW;0
HUN;2024Q1;40168.1;A;2020.0;4.3;0.24907470494131;0.0;40068.3;4.3;40042.0;4.1000000000000005;39940.375;4.175;1.8259573410937868;0.3999999999999999;2;4;2024;18;LOW;0
HUN;2024Q2;40158.1;A;2020.0;4.3;-0.02489537717741408;0.0;40168.1;4.3;40068.3;4.3;40109.125;4.25;1.7095922052726253;0.2999999999999998;2;5;2024;18;LOW;0
HUN;2024Q3;40100.4;A;2020.0;4.3999999999999995;-0.14368209651351993;0.09999999999999964;40158.1;4.3;40168.1;4.3;40123.725;4.325;0.1458468607961727;0.29999999999999893;2;6;2024;18;LOW;0
HUN;2024Q4;40269.4;A;2020.0;4.466666666666667;0.4214421801278734;0.06666666666666732;40100.4;4.3999999999999995;40158.1;4.3;40174.0;4.366666666666666;0.5018930176723169;0.16666666666666696;2;7;2024;18;LOW;0
HUN;2025Q1;40245.7;P;2020.0;4.266666666666667;-0.0588536208634971;-0.20000000000000018;40269.4;4.466666666666667;40100.4;4.3999999999999995;40193.4;4.358333333333333;0.19318812689670395;-0.033333333333333215;1;8;2025;18;LOW;0
HUN;2025Q2;40549.8;P;2020.0;4.333333333333333;0.755608673721686;0.06666666666666643;40245.7;4.266666666666667;40269.4;4.466666666666667;40291.325;4.366666666666666;0.9753947522417761;0.033333333333333215;1;9;2025;18;LOW;0
HUN;2025Q3;40660.5;P;2020.0;4.366666666666666;0.27299764733734744;0.033333333333333215;40549.8;4.333333333333333;40245.7;4.266666666666667;40431.35;4.358333333333333;1.3967441721279616;-0.033333333333333215;1;10;2025;18;LOW;0
HUN;2025Q4;40784.4;P;2020.0;4.466666666666667;0.3047183384365715;0.10000000000000053;40660.5;4.366666666666666;40549.8;4.333333333333333;40560.100000000006;4.358333333333333;1.2788866980883773;0.0;1;11;2025;18;LOW;0
IRL;2023Q1;115864.3;A;2020.0;4.2;;;;;;;;;;;2;0;2023;19;HIGH;1
IRL;2023Q2;115548.8;A;2020.0;4.166666666666667;-0.27230130419809706;-0.033333333333333215;115864.3;4.2;;;115706.55;4.183333333333334;;;2;1;2023;19;HIGH;1
IRL;2023Q3;112686.8;A;2020.0;4.3999999999999995;-2.4768755711872426;0.2333333333333325;115548.8;4.166666666666667;115864.3;4.2;114699.96666666667;4.2555555555555555;;;2;2;2023;19;HIGH;1
IRL;2023Q4;108684.9;A;2020.0;4.466666666666667;-3.5513476290035872;0.06666666666666732;112686.8;4.3999999999999995;115548.8;4.166666666666667;113196.2;4.308333333333334;;;2;3;2023;19;HIGH;1
IRL;2024Q1;111281.0;A;2020.0;4.266666666666667;2.3886482850883572;-0.20000000000000018;108684.9;4.466666666666667;112686.8;4.3999999999999995;112050.375;4.325;-3.955748233062295;0.06666666666666643;2;4;2024;19;HIGH;1
IRL;2024Q2;109940.3;A;2020.0;4.4;-1.2047878793325029;0.13333333333333375;111281.0;4.266666666666667;108684.9;4.466666666666667;110648.25;4.383333333333333;-4.8537933756127245;0.2333333333333334;2;5;2024;19;HIGH;1
IRL;2024Q3;116097.7;A;2020.0;4.233333333333333;5.600676003249028;-0.16666666666666696;109940.3;4.4;111281.0;4.266666666666667;111500.97499999999;4.341666666666667;3.026885136502222;-0.16666666666666607;2;6;2024;19;HIGH;1
IRL;2024Q4;119635.5;A;2020.0;4.333333333333333;3.047261056851247;0.09999999999999964;116097.7;4.233333333333333;109940.3;4.4;114238.625;4.308333333333334;10.07554867327476;-0.13333333333333375;2;7;2024;19;HIGH;1
IRL;2025Q1;129660.4;A;2020.0;4.433333333333334;8.379536174463254;0.10000000000000053;119635.5;4.333333333333333;116097.7;4.233333333333333;118833.475;4.35;16.51620671992522;0.16666666666666696;2;8;2025;19;HIGH;1
IRL;2025Q2;127893.5;A;2020.0;4.633333333333333;-1.3627136735657075;0.1999999999999993;129660.4;4.433333333333334;119635.5;4.333333333333333;123321.775;4.408333333333333;16.329953620283;0.2333333333333325;2;9;2025;19;HIGH;1
IRL;2025Q3;126951.9;A;2020.0;5.0;-0.736237572667886;0.36666666666666714;127893.5;4.633333333333333;129660.4;4.433333333333334;126035.325;4.6;9.349194686888707;0.7666666666666666;2;10;2025;19;HIGH;1
IRL;2025Q4;121369.5;A;2020.0;4.666666666666667;-4.397255968599123;-0.33333333333333304;126951.9;5.0;127893.5;4.633333333333333;126468.825;4.683333333333334;1.4494025602768357;0.3333333333333339;2;11;2025;19;HIGH;1
ISL;2023Q1;66198.4;P;2020.0;3.4;;;;;;;;;;;1;0;2023;20;HIGH;1
ISL;2023Q2;67387.8;P;2020.0;3.4333333333333336;1.7967201624208506;0.03333333333333366;66198.4;3.4;;;66793.1;3.416666666666667;;;1;1;2023;20;HIGH;1
ISL;2023Q3;64683.6;P;2020.0;3.5;-4.012892541379898;0.06666666666666643;67387.8;3.4333333333333336;66198.4;3.4;66089.93333333333;3.4444444444444446;;;1;2;2023;20;HIGH;1
ISL;2023Q4;64843.5;P;2020.0;3.533333333333333;0.24720330964882464;0.033333333333333215;64683.6;3.5;67387.8;3.4333333333333336;65778.325;3.466666666666667;;;1;3;2023;20;HIGH;1
ISL;2024Q1;63870.7;P;2020.0;3.533333333333333;-1.500227470756521;0.0;64843.5;3.533333333333333;64683.6;3.5;65196.4;3.5;-3.5162481268429358;0.1333333333333333;1;4;2024;20;HIGH;1
ISL;2024Q2;64783.0;P;2020.0;3.3333333333333335;1.4283544723950214;-0.19999999999999973;63870.7;3.533333333333333;64843.5;3.533333333333333;64545.2;3.4749999999999996;-3.8653880969552357;-0.10000000000000009;1;5;2024;20;HIGH;1
ISL;2024Q3;64058.1;P;2020.0;3.3666666666666667;-1.1189663955049944;0.033333333333333215;64783.0;3.3333333333333335;63870.7;3.533333333333333;64388.825;3.4416666666666664;-0.9670148229226627;-0.1333333333333333;1;6;2024;20;HIGH;1
ISL;2024Q4;62573.8;P;2020.0;3.6;-2.3171152438177134;0.2333333333333334;64058.1;3.3666666666666667;64783.0;3.3333333333333335;63821.4;3.458333333333333;-3.5002737359951186;0.06666666666666687;1;7;2024;20;HIGH;1
ISL;2025Q1;64388.6;P;2020.0;3.9;2.9002553784491125;0.2999999999999998;62573.8;3.6;64058.1;3.3666666666666667;63950.875;3.55;0.8108569344002836;0.3666666666666667;1;8;2025;20;HIGH;1
ISL;2025Q2;63475.9;P;2020.0;4.1000000000000005;-1.417486946447033;0.20000000000000062;64388.6;3.9;62573.8;3.6;63624.1;3.741666666666667;-2.0176589537378664;0.766666666666667;1;9;2025;20;HIGH;1
ISL;2025Q3;64083.1;P;2020.0;4.5;0.9565835222501651;0.39999999999999947;63475.9;4.1000000000000005;64388.6;3.9;63630.35;4.025;0.0390270707373519;1.1333333333333333;1;10;2025;20;HIGH;1
ISL;2025Q4;63373.2;P;2020.0;5.166666666666667;-1.1077803664304664;0.666666666666667;64083.1;4.5;63475.9;4.1000000000000005;63830.2;4.416666666666667;1.277531490815642;1.5666666666666669;1;11;2025;20;HIGH;1
ISR;2023Q1;46137.5;A;2020.0;3.893168333333333;;;;;;;;;;;2;0;2023;21;LOW;0
ISR;2023Q2;46263.0;A;2020.0;3.4927646666666665;0.2720130046057978;-0.4004036666666666;46137.5;3.893168333333333;;;46200.25;3.6929665;;;2;1;2023;21;LOW;0
ISR;2023Q3;46039.9;A;2020.0;3.309284333333333;-0.48224282904264504;-0.1834803333333337;46263.0;3.4927646666666665;46137.5;3.893168333333333;46146.799999999996;3.565072444444444;;;2;2;2023;21;LOW;0
ISR;2023Q4;43297.1;A;2020.0;3.0737520000000003;-5.957441262904572;-0.23553233333333257;46039.9;3.309284333333333;46263.0;3.4927646666666665;45434.375;3.442242333333333;;;2;3;2023;21;LOW;0
ISR;2024Q1;44725.3;A;2020.0;3.2838119999999997;3.2986042945139626;0.21005999999999947;43297.1;3.0737520000000003;46039.9;3.309284333333333;45081.325;3.2899032499999996;-3.0608507179626043;-0.6093563333333334;2;4;2024;21;LOW;0
ISR;2024Q2;44796.5;A;2020.0;3.2219123333333335;0.1591940132318781;-0.06189966666666624;44725.3;3.2838119999999997;43297.1;3.0737520000000003;44714.7;3.2221901666666666;-3.169919806324706;-0.27085233333333303;2;5;2024;21;LOW;0
ISR;2024Q3;45185.0;A;2020.0;2.7073393333333335;0.8672552543167455;-0.514573;44796.5;3.2219123333333335;44725.3;3.2838119999999997;44500.975000000006;3.071703916666667;-1.8568676300339537;-0.6019449999999993;2;6;2024;21;LOW;0
ISR;2024Q4;45206.3;A;2020.0;2.7225396666666666;0.047139537457119296;0.015200333333333038;45185.0;2.7073393333333335;44796.5;3.2219123333333335;44978.275;2.9839008333333332;4.409533201992755;-0.3512123333333337;2;7;2024;21;LOW;0
ISR;2025Q1;45578.6;A;2020.0;2.874769;0.8235577784512227;0.15222933333333355;45206.3;2.7225396666666666;45185.0;2.7073393333333335;45191.6;2.8816400833333335;1.9078687007130002;-0.4090429999999996;2;8;2025;21;LOW;0
ISR;2025Q2;44963.0;A;2020.0;2.947134;-1.3506338500963166;0.07236500000000001;45578.6;2.874769;45206.3;2.7225396666666666;45233.225000000006;2.8129455;0.3716808232786084;-0.27477833333333335;2;9;2025;21;LOW;0
ISR;2025Q3;46127.7;A;2020.0;3.0264736666666665;2.590352067255286;0.07933966666666636;44963.0;2.947134;45578.6;2.874769;45468.9;2.8927290833333332;2.0863118291468252;0.31913433333333296;2;10;2025;21;LOW;0
ITA;2023Q1;51544.9;A;2020.0;7.866666666666667;;;;;;;;;;;2;0;2023;22;HIGH;1
ITA;2023Q2;51584.8;A;2020.0;7.7;0.07740824019446535;-0.16666666666666696;51544.9;7.866666666666667;;;51564.850000000006;7.783333333333333;;;2;1;2023;22;HIGH;1
ITA;2023Q3;51618.6;A;2020.0;7.7;0.06552317737007485;0.0;51584.8;7.7;51544.9;7.866666666666667;51582.76666666666;7.7555555555555555;;;2;2;2023;22;HIGH;1
ITA;2023Q4;51780.7;A;2020.0;7.466666666666666;0.3140340884874915;-0.23333333333333428;51618.6;7.7;51584.8;7.7;51632.25;7.683333333333334;;;2;3;2023;22;HIGH;1
ITA;2024Q1;51858.5;A;2020.0;7.1000000000000005;0.1502490310096194;-0.36666666666666536;51780.7;7.466666666666666;51618.6;7.7;51710.65;7.491666666666667;0.6084016071425058;-0.7666666666666666;2;4;2024;22;HIGH;1
ITA;2024Q2;51982.5;A;2020.0;6.666666666666667;0.23911219954297902;-0.43333333333333357;51858.5;7.1000000000000005;51780.7;7.466666666666666;51810.075;7.233333333333333;0.7709635396473402;-1.0333333333333332;2;5;2024;22;HIGH;1
ITA;2024Q3;51967.1;A;2020.0;6.266666666666667;-0.029625354686679817;-0.40000000000000036;51982.5;6.666666666666667;51858.5;7.1000000000000005;51897.200000000004;6.875;0.6751442309555156;-1.4333333333333336;2;6;2024;22;HIGH;1
ITA;2024Q4;52026.6;A;2020.0;6.2;0.11449551735618346;-0.06666666666666643;51967.1;6.266666666666667;51982.5;6.666666666666667;51958.675;6.558333333333334;0.4748873615072924;-1.2666666666666657;2;7;2024;22;HIGH;1
ITA;2025Q1;52207.8;A;2020.0;6.3;0.3482833781181194;0.09999999999999964;52026.6;6.2;51967.1;6.266666666666667;52046.0;6.3583333333333325;0.6735636395190925;-0.8000000000000007;2;8;2025;22;HIGH;1
ITA;2025Q2;52232.0;A;2020.0;6.266666666666667;0.04635322691244337;-0.033333333333333215;52207.8;6.3;52026.6;6.2;52108.375;6.258333333333334;0.4799692204107142;-0.40000000000000036;2;9;2025;22;HIGH;1
ITA;2025Q3;52333.8;A;2020.0;5.966666666666666;0.19489967835810695;-0.3000000000000007;52232.0;6.266666666666667;52207.8;6.3;52200.05;6.183333333333333;0.705638759907723;-0.3000000000000007;2;10;2025;22;HIGH;1
ITA;2025Q4;52475.8;A;2020.0;5.666666666666667;0.2713351600686309;-0.29999999999999893;52333.8;5.966666666666666;52232.0;6.266666666666667;52312.350000000006;6.05;0.8634044892420478;-0.5333333333333332;2;11;2025;22;HIGH;1
JPN;2023Q1;46899.9;A;2020.0;2.6;;;;;;;;;;;2;0;2023;23;LOW;0
JPN;2023Q2;46951.2;A;2020.0;2.533333333333333;0.10938189633664663;-0.06666666666666687;46899.9;2.6;;;46925.55;2.5666666666666664;;;2;1;2023;23;LOW;0
JPN;2023Q3;46371.2;A;2020.0;2.6;-1.2353251887065708;0.06666666666666687;46951.2;2.533333333333333;46899.9;2.6;46740.76666666666;2.577777777777778;;;2;2;2023;23;LOW;0
JPN;2023Q4;46695.0;A;2020.0;2.533333333333333;0.6982782416672384;-0.06666666666666687;46371.2;2.6;46951.2;2.533333333333333;46729.325;2.5666666666666664;;;2;3;2023;23;LOW;0
JPN;2024Q1;46608.1;A;2020.0;2.566666666666667;-0.18610129564193834;0.03333333333333366;46695.0;2.533333333333333;46371.2;2.6;46656.375;2.5583333333333336;-0.6221761666869274;-0.033333333333333215;2;4;2024;23;LOW;0
JPN;2024Q2;46608.5;A;2020.0;2.566666666666667;0.0008582199231499388;0.0;46608.1;2.566666666666667;46695.0;2.533333333333333;46570.7;2.566666666666667;-0.7299067968443818;0.03333333333333366;2;5;2024;23;LOW;0
JPN;2024Q3;46992.6;P;2020.0;2.533333333333333;0.8240986086228919;-0.03333333333333366;46608.5;2.566666666666667;46608.1;2.566666666666667;46726.05;2.55;1.3400558967635146;-0.06666666666666687;1;6;2024;23;LOW;0
JPN;2024Q4;47251.6;A;2020.0;2.5;0.5511506066912641;-0.033333333333333215;46992.6;2.533333333333333;46608.5;2.566666666666667;46865.2;2.541666666666667;1.191990577149582;-0.033333333333333215;2;7;2024;23;LOW;0
JPN;2025Q1;47551.0;P;2020.0;2.466666666666667;0.6336293374192614;-0.033333333333333215;47251.6;2.5;46992.6;2.533333333333333;47100.925;2.5166666666666666;2.023038913836861;-0.10000000000000009;1;8;2025;23;LOW;0
JPN;2025Q2;47691.2;P;2020.0;2.5;0.2948413282580775;0.033333333333333215;47551.0;2.466666666666667;47251.6;2.5;47371.6;2.5;2.3229668408123016;-0.06666666666666687;1;9;2025;23;LOW;0
JPN;2025Q3;47471.4;A;2020.0;2.533333333333333;-0.46088167209044073;0.033333333333333215;47691.2;2.5;47551.0;2.466666666666667;47491.299999999996;2.5;1.018883824261696;0.0;2;10;2025;23;LOW;0
JPN;2025Q4;47659.5;A;2020.0;2.6;0.3962385773328858;0.06666666666666687;47471.4;2.533333333333333;47691.2;2.5;47593.274999999994;2.525;0.8632511914940411;0.10000000000000009;2;11;2025;23;LOW;0
KOR;2023Q1;51889.9;E;2020.0;2.7000000000000006;;;;;;;;;;;0;0;2023;24;HIGH;1
KOR;2023Q2;52236.6;E;2020.0;2.566666666666667;0.6681454387077235;-0.13333333333333375;51889.9;2.7000000000000006;;;52063.25;2.6333333333333337;;;0;1;2023;24;HIGH;1
KOR;2023Q3;52716.8;E;2020.0;2.8000000000000003;0.9192788198313151;0.2333333333333334;52236.6;2.566666666666667;51889.9;2.7000000000000006;52281.1;2.6888888888888896;;;0;2;2023;24;HIGH;1
KOR;2023Q4;53067.6;E;2020.0;2.733333333333333;0.6654425154789312;-0.06666666666666732;52716.8;2.8000000000000003;52236.6;2.566666666666667;52477.725;2.7;;;0;3;2023;24;HIGH;1
KOR;2024Q1;53580.6;E;2020.0;2.766666666666667;0.9666915406010501;0.0333333333333341;53067.6;2.733333333333333;52716.8;2.8000000000000003;52900.4;2.716666666666667;3.2582448607532344;0.06666666666666643;0;4;2024;24;HIGH;1
KOR;2024Q2;53508.2;E;2020.0;2.7999999999999994;-0.13512353351773365;0.03333333333333233;53580.6;2.766666666666667;53067.6;2.733333333333333;53218.3;2.775;2.43430851165658;0.2333333333333325;0;5;2024;24;HIGH;1
KOR;2024Q3;53554.3;E;2020.0;2.6333333333333333;0.08615501923070479;-0.16666666666666607;53508.2;2.7999999999999994;53580.6;2.766666666666667;53427.675;2.733333333333333;1.5886776132086888;-0.16666666666666696;0;6;2024;24;HIGH;1
KOR;2024Q4;53714.9;E;2020.0;2.9;0.2998825491137058;0.2666666666666666;53554.3;2.6333333333333333;53508.2;2.7999999999999994;53589.5;2.775;1.219764979007909;0.16666666666666696;0;7;2024;24;HIGH;1
KOR;2025Q1;53665.2;E;2020.0;2.7999999999999994;-0.0925255376068912;-0.10000000000000053;53714.9;2.9;53554.3;2.6333333333333333;53610.65;2.7833333333333328;0.15789296872374958;0.03333333333333233;0;8;2025;24;HIGH;1
KOR;2025Q2;54049.0;E;2020.0;2.7000000000000006;0.7151748246535972;-0.09999999999999876;53665.2;2.7999999999999994;53714.9;2.9;53745.850000000006;2.7583333333333333;1.0106862125805138;-0.09999999999999876;0;9;2025;24;HIGH;1
KOR;2025Q3;54796.4;E;2020.0;2.733333333333333;1.382819293603954;0.03333333333333233;54049.0;2.7000000000000006;53665.2;2.7999999999999994;54056.375;2.783333333333333;2.319328233213769;0.09999999999999964;0;10;2025;24;HIGH;1
KOR;2025Q4;54712.9;E;2020.0;2.9333333333333336;-0.1523822732880209;0.20000000000000062;54796.4;2.733333333333333;54049.0;2.7000000000000006;54305.875;2.7916666666666665;1.857957475486316;0.03333333333333366;0;11;2025;24;HIGH;1
LTU;2023Q1;43810.7;A;2020.0;6.733333333333333;;;;;;;;;;;2;0;2023;25;LOW;0
LTU;2023Q2;44507.8;A;2020.0;6.633333333333333;1.5911638024501018;-0.10000000000000053;43810.7;6.733333333333333;;;44159.25;6.683333333333334;;;2;1;2023;25;LOW;0
LTU;2023Q3;44645.2;A;2020.0;6.833333333333333;0.308709933989082;0.20000000000000018;44507.8;6.633333333333333;43810.7;6.733333333333333;44321.23333333334;6.733333333333333;;;2;2;2023;25;LOW;0
LTU;2023Q4;44534.6;A;2020.0;7.166666666666667;-0.247730999077167;0.3333333333333339;44645.2;6.833333333333333;44507.8;6.633333333333333;44374.575;6.841666666666667;;;2;3;2023;25;LOW;0
LTU;2024Q1;44895.8;A;2020.0;7.333333333333333;0.8110547753881425;0.16666666666666607;44534.6;7.166666666666667;44645.2;6.833333333333333;44645.85;6.991666666666666;2.476792199165967;0.5999999999999996;2;4;2024;25;LOW;0
LTU;2024Q2;45104.7;A;2020.0;7.133333333333333;0.46529964941040003;-0.20000000000000018;44895.8;7.333333333333333;44534.6;7.166666666666667;44795.075;7.116666666666666;1.3411132430719785;0.5;2;5;2024;25;LOW;0
LTU;2024Q3;45700.8;A;2020.0;7.099999999999999;1.3215917631643759;-0.0333333333333341;45104.7;7.133333333333333;44895.8;7.333333333333333;45058.975;7.183333333333333;2.3644199152428547;0.2666666666666657;2;6;2024;25;LOW;0
LTU;2024Q4;46035.3;A;2020.0;6.766666666666667;0.731934670727874;-0.33333333333333215;45700.8;7.099999999999999;45104.7;7.133333333333333;45434.15;7.083333333333332;3.369739483457823;-0.40000000000000036;2;7;2024;25;LOW;0
LTU;2025Q1;46212.2;A;2020.0;6.733333333333333;0.3842703316802476;-0.033333333333333215;46035.3;6.766666666666667;45700.8;7.099999999999999;45763.25;6.933333333333333;2.9321228266341093;-0.5999999999999996;2;8;2025;25;LOW;0
LTU;2025Q2;46553.4;A;2020.0;6.966666666666666;0.7383331674319926;0.2333333333333325;46212.2;6.733333333333333;46035.3;6.766666666666667;46125.425;6.891666666666666;3.2118604047915333;-0.16666666666666696;2;9;2025;25;LOW;0
LTU;2025Q3;46682.2;A;2020.0;6.766666666666667;0.2766715213067039;-0.1999999999999993;46553.4;6.966666666666666;46212.2;6.733333333333333;46370.774999999994;6.808333333333334;2.147445996568975;-0.33333333333333215;2;10;2025;25;LOW;0
LTU;2025Q4;47564.5;A;2020.0;6.7;1.8900137525652339;-0.06666666666666643;46682.2;6.766666666666667;46553.4;6.966666666666666;46753.075;6.791666666666667;3.3217987066446852;-0.06666666666666643;2;11;2025;25;LOW;0
LUX;2023Q1;122574.0;A;2020.0;4.9;;;;;;;;;;;2;0;2023;26;HIGH;1
LUX;2023Q2;122539.2;A;2020.0;5.033333333333334;-0.028391012775963453;0.13333333333333375;122574.0;4.9;;;122556.6;4.966666666666667;;;2;1;2023;26;HIGH;1
LUX;2023Q3;122730.7;A;2020.0;5.333333333333333;0.15627652212515386;0.29999999999999893;122539.2;5.033333333333334;122574.0;4.9;122614.63333333335;5.0888888888888895;;;2;2;2023;26;HIGH;1
LUX;2023Q4;120295.5;A;2020.0;5.666666666666667;-1.9841816269278945;0.3333333333333339;122730.7;5.333333333333333;122539.2;5.033333333333334;122034.85;5.233333333333333;;;2;3;2023;26;HIGH;1
LUX;2024Q1;123442.8;A;2020.0;5.966666666666666;2.6163073431674455;0.29999999999999893;120295.5;5.666666666666667;122730.7;5.333333333333333;122252.05;5.5;0.708796318958349;1.0666666666666655;2;4;2024;26;HIGH;1
LUX;2024Q2;121573.6;A;2020.0;6.233333333333333;-1.5142235918174207;0.2666666666666675;123442.8;5.966666666666666;120295.5;5.666666666666667;122010.65;5.8;-0.7879927402822839;1.1999999999999993;2;5;2024;26;HIGH;1
LUX;2024Q3;118082.9;A;2020.0;6.466666666666666;-2.8712648140714836;0.2333333333333325;121573.6;6.233333333333333;123442.8;5.966666666666666;120848.70000000001;6.083333333333334;-3.7869905410789717;1.1333333333333329;2;6;2024;26;HIGH;1
LUX;2024Q4;119030.7;A;2020.0;6.566666666666666;0.8026564388239121;0.10000000000000053;118082.9;6.466666666666666;121573.6;6.233333333333333;120532.5;6.308333333333334;-1.0514109006571348;0.8999999999999995;2;7;2024;26;HIGH;1
LUX;2025Q1;119162.5;P;2020.0;6.5;0.11072773662592628;-0.06666666666666643;119030.7;6.566666666666666;118082.9;6.466666666666666;119462.42499999999;6.441666666666666;-3.4674359298395685;0.5333333333333341;1;8;2025;26;HIGH;1
LUX;2025Q2;119477.2;P;2020.0;6.466666666666666;0.264093150110134;-0.0333333333333341;119162.5;6.5;119030.7;6.566666666666666;118938.325;6.5;-1.7243875315035573;0.2333333333333325;1;9;2025;26;HIGH;1
LUX;2025Q3;120448.7;P;2020.0;6.5;0.8131258516269169;0.0333333333333341;119477.2;6.466666666666666;119162.5;6.5;119529.775;6.508333333333333;2.0035077051800076;0.0333333333333341;1;10;2025;26;HIGH;1
LUX;2025Q4;119951.6;P;2020.0;6.733333333333333;-0.4127068204139994;0.2333333333333334;120448.7;6.5;119477.2;6.466666666666666;119760.0;6.550000000000001;0.7736659534053114;0.16666666666666696;1;11;2025;26;HIGH;1
LVA;2023Q1;36090.8;A;2020.0;6.066666666666666;;;;;;;;;;;2;0;2023;27;LOW;0
LVA;2023Q2;35737.1;A;2020.0;6.3999999999999995;-0.9800281512186038;0.33333333333333304;36090.8;6.066666666666666;;;35913.95;6.2333333333333325;;;2;1;2023;27;LOW;0
LVA;2023Q3;35718.7;A;2020.0;6.633333333333333;-0.05148711003410966;0.2333333333333334;35737.1;6.3999999999999995;36090.8;6.066666666666666;35848.86666666667;6.366666666666666;;;2;2;2023;27;LOW;0
LVA;2023Q4;35600.6;A;2020.0;6.966666666666666;-0.3306391330031522;0.33333333333333304;35718.7;6.633333333333333;35737.1;6.3999999999999995;35786.8;6.516666666666666;;;2;3;2023;27;LOW;0
LVA;2024Q1;35665.9;A;2020.0;6.833333333333333;0.18342387487852996;-0.13333333333333286;35600.6;6.966666666666666;35718.7;6.633333333333333;35680.575;6.708333333333333;-1.177308344508854;0.7666666666666666;2;4;2024;27;LOW;0
LVA;2024Q2;35971.0;A;2020.0;6.8999999999999995;0.8554389486876701;0.06666666666666643;35665.9;6.833333333333333;35600.6;6.966666666666666;35739.049999999996;6.833333333333333;0.6545019041836131;0.5;2;5;2024;27;LOW;0
LVA;2024Q3;36101.4;A;2020.0;6.833333333333333;0.3625142475883303;-0.06666666666666643;35971.0;6.8999999999999995;35665.9;6.833333333333333;35834.725000000006;6.883333333333333;1.0714275715521637;0.20000000000000018;2;6;2024;27;LOW;0
LVA;2024Q4;36311.7;A;2020.0;7.0;0.5825258854227133;0.16666666666666696;36101.4;6.833333333333333;35971.0;6.8999999999999995;36012.5;6.891666666666666;1.9974382454228223;0.0333333333333341;2;7;2024;27;LOW;0
LVA;2025Q1;36656.0;A;2020.0;7.066666666666666;0.9481792369952391;0.06666666666666643;36311.7;7.0;36101.4;6.833333333333333;36260.025;6.949999999999999;2.776040980320138;0.2333333333333334;2;8;2025;27;LOW;0
LVA;2025Q2;37069.8;A;2020.0;6.666666666666667;1.1288738542121424;-0.39999999999999947;36656.0;7.066666666666666;36311.7;7.0;36534.725000000006;6.891666666666667;3.0546829390342367;-0.2333333333333325;2;9;2025;27;LOW;0
LVA;2025Q3;37581.3;A;2020.0;7.1000000000000005;1.3798294029101932;0.43333333333333357;37069.8;6.666666666666667;36656.0;7.066666666666666;36904.7;6.958333333333334;4.099287008260077;0.2666666666666675;2;10;2025;27;LOW;0
LVA;2025Q4;37935.5;A;2020.0;6.900000000000001;0.9424900149808568;-0.1999999999999993;37581.3;7.1000000000000005;37069.8;6.666666666666667;37310.65;6.933333333333334;4.471836901053949;-0.09999999999999876;2;11;2025;27;LOW;0
MEX;2023Q1;21372.4;P;2020.0;2.8005506666666666;;;;;;;;;;;1;0;2023;28;LOW;0
MEX;2023Q2;21509.8;P;2020.0;2.846890666666667;0.6428852164473753;0.04634000000000027;21372.4;2.8005506666666666;;;21441.1;2.8237206666666665;;;1;1;2023;28;LOW;0
MEX;2023Q3;21642.6;P;2020.0;2.766870666666667;0.6173930022594254;-0.08001999999999976;21509.8;2.846890666666667;21372.4;2.8005506666666666;21508.266666666666;2.8047706666666667;;;1;2;2023;28;LOW;0
MEX;2023Q4;21608.0;P;2020.0;2.7724393333333333;-0.15986988624286935;0.005568666666666111;21642.6;2.766870666666667;21509.8;2.846890666666667;21533.2;2.7966878333333334;;;1;3;2023;28;LOW;0
MEX;2024Q1;21674.6;P;2020.0;2.6270623333333334;0.3082191780821919;-0.14537699999999987;21608.0;2.7724393333333333;21642.6;2.766870666666667;21608.75;2.7533157500000005;1.413973161647708;-0.17348833333333324;1;4;2024;28;LOW;0
MEX;2024Q2;21626.2;P;2020.0;2.712621;-0.22330285218642443;0.08555866666666656;21674.6;2.6270623333333334;21608.0;2.7724393333333333;21637.85;2.7197483333333334;0.5411486857153536;-0.13426966666666695;1;5;2024;28;LOW;0
MEX;2024Q3;21834.4;P;2020.0;2.7392646666666667;0.9627211437978067;0.026643666666666732;21626.2;2.712621;21674.6;2.6270623333333334;21685.800000000003;2.7128468333333333;0.8862151497509574;-0.027606000000000464;1;6;2024;28;LOW;0
MEX;2024Q4;21569.7;P;2020.0;2.607165333333333;-1.2123071849924894;-0.13209933333333357;21834.4;2.7392646666666667;21626.2;2.712621;21676.225000000002;2.6715283333333333;-0.17724916697519078;-0.16527400000000014;1;7;2024;28;LOW;0
MEX;2025Q1;21680.9;P;2020.0;2.5802726666666667;0.515538000064919;-0.026892666666666454;21569.7;2.607165333333333;21834.4;2.7392646666666667;21677.8;2.659830916666667;0.029066280346601303;-0.04678966666666673;1;8;2025;28;LOW;0
MEX;2025Q2;21728.4;P;2020.0;2.696854;0.21908684602576223;0.11658133333333343;21680.9;2.5802726666666667;21569.7;2.607165333333333;21703.350000000002;2.655889166666667;0.4725749322580963;-0.015766999999999864;1;9;2025;28;LOW;0
MEX;2025Q3;21683.4;P;2020.0;2.6744056666666665;-0.20710222565858416;-0.022448333333333625;21728.4;2.696854;21680.9;2.5802726666666667;21665.600000000002;2.639674416666667;-0.6915692668449824;-0.06485900000000022;1;10;2025;28;LOW;0
MEX;2025Q4;21799.1;P;2020.0;2.634201;0.5335879059557014;-0.040204666666666444;21683.4;2.6744056666666665;21728.4;2.696854;21722.95;2.6464333333333334;1.06352893178856;0.027035666666666902;1;11;2025;28;LOW;0
NLD;2023Q1;68286.7;P;2020.0;3.533333333333333;;;;;;;;;;;1;0;2023;29;HIGH;1
NLD;2023Q2;67935.4;P;2020.0;3.466666666666667;-0.5144486408041438;-0.06666666666666643;68286.7;3.533333333333333;;;68111.04999999999;3.5;;;1;1;2023;29;HIGH;1
NLD;2023Q3;67374.5;P;2020.0;3.6333333333333333;-0.8256372966082393;0.16666666666666652;67935.4;3.466666666666667;68286.7;3.533333333333333;67865.53333333333;3.5444444444444443;;;1;2;2023;29;HIGH;1
NLD;2023Q4;67341.9;P;2020.0;3.5666666666666664;-0.04838625889618253;-0.06666666666666687;67374.5;3.6333333333333333;67935.4;3.466666666666667;67734.625;3.55;;;1;3;2023;29;HIGH;1
NLD;2024Q1;67361.8;P;2020.0;3.6333333333333333;0.029550695777835756;0.06666666666666687;67341.9;3.5666666666666664;67374.5;3.6333333333333333;67503.4;3.575;-1.3544365154561477;0.10000000000000009;1;4;2024;29;HIGH;1
NLD;2024Q2;68025.2;P;2020.0;3.6333333333333333;0.9848311654379716;0.0;67361.8;3.6333333333333333;67341.9;3.5666666666666664;67525.85;3.6166666666666667;0.13218439870819054;0.16666666666666652;1;5;2024;29;HIGH;1
NLD;2024Q3;68264.9;P;2020.0;3.6666666666666665;0.35236941603993266;0.033333333333333215;68025.2;3.6333333333333333;67361.8;3.6333333333333333;67748.45;3.625;1.3215682491150016;0.033333333333333215;1;6;2024;29;HIGH;1
NLD;2024Q4;68384.3;P;2020.0;3.7000000000000006;0.1749068701485168;0.0333333333333341;68264.9;3.6666666666666665;68025.2;3.6333333333333333;68009.04999999999;3.6583333333333337;1.547921873306235;0.1333333333333342;1;7;2024;29;HIGH;1
NLD;2025Q1;68591.6;P;2020.0;3.8333333333333335;0.3031397557626603;0.13333333333333286;68384.3;3.7000000000000006;68264.9;3.6666666666666665;68316.5;3.708333333333333;1.825663803520694;0.20000000000000018;1;8;2025;29;HIGH;1
NLD;2025Q2;68795.9;P;2020.0;3.7999999999999994;0.29784988249288435;-0.0333333333333341;68591.6;3.8333333333333335;68384.3;3.7000000000000006;68509.17499999999;3.75;1.1329624903712032;0.16666666666666607;1;9;2025;29;HIGH;1
NLD;2025Q3;68943.6;P;2020.0;3.9;0.2146930267646896;0.10000000000000053;68795.9;3.7999999999999994;68591.6;3.8333333333333335;68678.85;3.8083333333333336;0.9942151823265188;0.2333333333333334;1;10;2025;29;HIGH;1
NLD;2025Q4;69161.0;P;2020.0;4.0;0.3153302119413448;0.10000000000000009;68943.6;3.9;68795.9;3.7999999999999994;68873.025;3.883333333333333;1.1357870154406813;0.2999999999999994;1;11;2025;29;HIGH;1
NOR;2023Q1;74596.8;A;2020.0;3.6999999999999997;;;;;;;;;;;2;0;2023;30;HIGH;1
NOR;2023Q2;73967.6;A;2020.0;3.3333333333333335;-0.8434678163138365;-0.36666666666666625;74596.8;3.6999999999999997;;;74282.20000000001;3.5166666666666666;;;2;1;2023;30;HIGH;1
NOR;2023Q3;73132.4;A;2020.0;3.5666666666666664;-1.129143030191615;0.23333333333333295;73967.6;3.3333333333333335;74596.8;3.6999999999999997;73898.93333333333;3.533333333333333;;;2;2;2023;30;HIGH;1
NOR;2023Q4;74404.7;A;2020.0;3.766666666666667;1.7397213820413482;0.20000000000000062;73132.4;3.5666666666666664;73967.6;3.3333333333333335;74025.375;3.591666666666667;;;2;3;2023;30;HIGH;1
NOR;2024Q1;74317.7;A;2020.0;3.966666666666667;-0.11692809728417464;0.19999999999999973;74404.7;3.766666666666667;73132.4;3.5666666666666664;73955.6;3.6583333333333337;-0.37414473543101456;0.26666666666666705;2;4;2024;30;HIGH;1
NOR;2024Q2;75008.8;A;2020.0;4.0;0.9299265181780481;0.033333333333333215;74317.7;3.966666666666667;74404.7;3.766666666666667;74215.9;3.825;1.4076433465463278;0.6666666666666665;2;5;2024;30;HIGH;1
NOR;2024Q3;74242.0;A;2020.0;3.966666666666667;-1.0222800524738451;-0.033333333333333215;75008.8;4.0;74317.7;3.966666666666667;74493.3;3.9250000000000003;1.5172481690741701;0.40000000000000036;2;6;2024;30;HIGH;1
NOR;2024Q4;73857.8;A;2020.0;4.066666666666666;-0.5174968346757902;0.09999999999999964;74242.0;3.966666666666667;75008.8;4.0;74356.575;4.0;-0.7350342115484576;0.2999999999999994;2;7;2024;30;HIGH;1
NOR;2025Q1;73989.3;A;2020.0;4.1000000000000005;0.17804483751209244;0.0333333333333341;73857.8;4.066666666666666;74242.0;3.966666666666667;74274.475;4.033333333333333;-0.44188665687984185;0.13333333333333375;2;8;2025;30;HIGH;1
NOR;2025Q2;74641.1;A;2020.0;4.766666666666667;0.8809381897112223;0.6666666666666661;73989.3;4.1000000000000005;73857.8;4.066666666666666;74182.55;4.225;-0.4902091487932081;0.7666666666666666;2;9;2025;30;HIGH;1
NOR;2025Q3;75456.1;A;2020.0;4.7;1.0918917325709376;-0.06666666666666643;74641.1;4.766666666666667;73989.3;4.1000000000000005;74486.07500000001;4.408333333333333;1.6353277120767284;0.7333333333333334;2;10;2025;30;HIGH;1
NOR;2025Q4;74869.1;A;2020.0;4.433333333333334;-0.7779357798773034;-0.2666666666666666;75456.1;4.7;74641.1;4.766666666666667;74738.90000000001;4.5;1.369252807421839;0.36666666666666714;2;11;2025;30;HIGH;1
POL;2023Q1;41479.9;A;2020.0;2.6666666666666665;;;;;;;;;;;2;0;2023;31;LOW;0
POL;2023Q2;41281.3;A;2020.0;2.766666666666667;-0.47878611086332734;0.10000000000000053;41479.9;2.6666666666666665;;;41380.600000000006;2.716666666666667;;;2;1;2023;31;LOW;0
POL;2023Q3;42102.7;A;2020.0;2.8333333333333335;1.9897629192878963;0.06666666666666643;41281.3;2.766666666666667;41479.9;2.6666666666666665;41621.299999999996;2.755555555555556;;;2;2;2023;31;LOW;0
POL;2023Q4;41993.1;A;2020.0;3.0666666666666664;-0.260315846727166;0.23333333333333295;42102.7;2.8333333333333335;41281.3;2.766666666666667;41714.25;2.8333333333333335;;;2;3;2023;31;LOW;0
POL;2024Q1;42461.9;A;2020.0;2.9;1.1163738804708556;-0.16666666666666652;41993.1;3.0666666666666664;42102.7;2.8333333333333335;41959.75;2.8916666666666666;2.3674116861419625;0.2333333333333334;2;4;2024;31;LOW;0
POL;2024Q2;43153.7;A;2020.0;2.8666666666666667;1.629225258408118;-0.033333333333333215;42461.9;2.9;41993.1;3.0666666666666664;42427.85;2.9166666666666665;4.5357098734778;0.09999999999999964;2;5;2024;31;LOW;0
POL;2024Q3;43151.6;A;2020.0;2.966666666666667;-0.004866326641739249;0.10000000000000009;43153.7;2.8666666666666667;42461.9;2.9;42690.075;2.9499999999999997;2.49128915722745;0.1333333333333333;2;6;2024;31;LOW;0
POL;2024Q4;43777.8;A;2020.0;2.8333333333333335;1.451162876926948;-0.1333333333333333;43151.6;2.966666666666667;43153.7;2.8666666666666667;43136.25;2.8916666666666666;4.2499839259307;-0.23333333333333295;2;7;2024;31;LOW;0
POL;2025Q1;44182.0;P;2020.0;3.1666666666666665;0.9232990237060701;0.33333333333333304;43777.8;2.8333333333333335;43151.6;2.966666666666667;43566.275;2.9583333333333335;4.050925653350412;0.2666666666666666;1;8;2025;31;LOW;0
POL;2025Q2;44579.7;P;2020.0;3.0666666666666664;0.9001403286406084;-0.10000000000000009;44182.0;3.1666666666666665;43777.8;2.8333333333333335;43922.774999999994;3.0083333333333333;3.3044675195869733;0.19999999999999973;1;9;2025;31;LOW;0
POL;2025Q3;45099.4;P;2020.0;3.1666666666666665;1.165777248388844;0.10000000000000009;44579.7;3.0666666666666664;44182.0;3.1666666666666665;44409.725000000006;3.0583333333333336;4.513853483995955;0.19999999999999973;1;10;2025;31;LOW;0
POL;2025Q4;45593.1;P;2020.0;3.1666666666666665;1.0946930557834467;0.0;45099.4;3.1666666666666665;44579.7;3.0666666666666664;44863.55;3.1416666666666666;4.146622260597832;0.33333333333333304;1;11;2025;31;LOW;0
PRT;2023Q1;40668.2;A;2020.0;6.866666666666667;;;;;;;;;;;2;0;2023;32;LOW;0
PRT;2023Q2;40765.7;A;2020.0;6.5;0.2397450587928729;-0.36666666666666714;40668.2;6.866666666666667;;;40716.95;6.683333333333334;;;2;1;2023;32;LOW;0
PRT;2023Q3;40715.1;A;2020.0;6.433333333333334;-0.12412395715024616;-0.06666666666666643;40765.7;6.5;40668.2;6.866666666666667;40716.333333333336;6.6000000000000005;;;2;2;2023;32;LOW;0
PRT;2023Q4;40908.8;A;2020.0;6.5;0.4757448710674961;0.06666666666666643;40715.1;6.433333333333334;40765.7;6.5;40764.45;6.575;;;2;3;2023;32;LOW;0
PRT;2024Q1;41062.6;P;2020.0;6.433333333333334;0.3759582290362884;-0.06666666666666643;40908.8;6.5;40715.1;6.433333333333334;40863.05;6.466666666666667;0.9697994993631331;-0.43333333333333357;1;4;2024;32;LOW;0
PRT;2024Q2;41172.3;P;2020.0;6.466666666666666;0.2671530784704501;0.03333333333333233;41062.6;6.433333333333334;40908.8;6.5;40964.7;6.458333333333333;0.9974071339385882;-0.0333333333333341;1;5;2024;32;LOW;0
PRT;2024Q3;41128.2;P;2020.0;6.433333333333334;-0.10711084879884147;-0.03333333333333233;41172.3;6.466666666666666;41062.6;6.433333333333334;41067.975;6.458333333333333;1.0146112867216228;0.0;1;6;2024;32;LOW;0
PRT;2024Q4;41489.2;P;2020.0;6.533333333333334;0.8777432515889361;0.10000000000000053;41128.2;6.433333333333334;41172.3;6.466666666666666;41213.075;6.466666666666667;1.418765644555675;0.0333333333333341;1;7;2024;32;LOW;0
PRT;2025Q1;41350.3;P;2020.0;6.3;-0.33478592019126063;-0.23333333333333428;41489.2;6.533333333333334;41128.2;6.433333333333334;41285.0;6.433333333333334;0.7006375631353201;-0.13333333333333375;1;8;2025;32;LOW;0
PRT;2025Q2;41425.1;P;2020.0;6.166666666666667;0.18089348807626138;-0.13333333333333286;41350.3;6.3;41489.2;6.533333333333334;41348.2;6.358333333333334;0.6140050470826219;-0.29999999999999893;1;9;2025;32;LOW;0
PRT;2025Q3;41570.3;P;2020.0;6.0;0.35051212911978435;-0.16666666666666696;41425.1;6.166666666666667;41350.3;6.3;41458.725;6.25;1.0749315554777539;-0.43333333333333357;1;10;2025;32;LOW;0
PRT;2025Q4;41872.4;P;2020.0;5.7;0.7267207597732028;-0.2999999999999998;41570.3;6.0;41425.1;6.166666666666667;41554.525;6.041666666666667;0.923613856136063;-0.8333333333333339;1;11;2025;32;LOW;0
ROU;2023Q1;36158.7;A;2020.0;5.666666666666667;;;;;;;;;;;2;0;2023;33;LOW;0
ROU;2023Q2;36523.2;A;2020.0;5.6000000000000005;1.008056152461223;-0.06666666666666643;36158.7;5.666666666666667;;;36340.95;5.633333333333334;;;2;1;2023;33;LOW;0
ROU;2023Q3;36847.8;A;2020.0;5.433333333333334;0.8887501642791618;-0.16666666666666696;36523.2;5.6000000000000005;36158.7;5.666666666666667;36509.9;5.566666666666667;;;2;2;2023;33;LOW;0
ROU;2023Q4;36938.8;A;2020.0;5.5;0.24696182675763012;0.06666666666666643;36847.8;5.433333333333334;36523.2;5.6000000000000005;36617.125;5.550000000000001;;;2;3;2023;33;LOW;0
ROU;2024Q1;36889.7;P;2020.0;5.266666666666667;-0.13292256380825762;-0.2333333333333334;36938.8;5.5;36847.8;5.433333333333334;36799.875;5.45;2.0216434772267755;-0.40000000000000036;1;4;2024;33;LOW;0
ROU;2024Q2;36712.9;P;2020.0;5.233333333333333;-0.47926657034347286;-0.033333333333333215;36889.7;5.266666666666667;36938.8;5.5;36847.3;5.358333333333334;0.5193958908310536;-0.36666666666666714;1;5;2024;33;LOW;0
ROU;2024Q3;36953.8;P;2020.0;5.666666666666667;0.6561726259707079;0.43333333333333357;36712.9;5.233333333333333;36889.7;5.266666666666667;36873.8;5.416666666666666;0.28766982017922604;0.2333333333333334;1;6;2024;33;LOW;0
ROU;2024Q4;37296.7;P;2020.0;5.666666666666667;0.9279153970633391;0.0;36953.8;5.666666666666667;36712.9;5.233333333333333;36963.275;5.458333333333333;0.96889991012159;0.16666666666666696;1;7;2024;33;LOW;0
ROU;2025Q1;37188.0;P;2020.0;6.1000000000000005;-0.291446696356501;0.43333333333333357;37296.7;5.666666666666667;36953.8;5.666666666666667;37037.85;5.666666666666667;0.8086267982661877;0.8333333333333339;1;8;2025;33;LOW;0
ROU;2025Q2;37517.6;P;2020.0;6.166666666666667;0.8863074109927815;0.06666666666666643;37188.0;6.1000000000000005;37296.7;5.666666666666667;37239.025;5.9;2.191872611534351;0.9333333333333336;1;9;2025;33;LOW;0
ROU;2025Q3;37502.5;P;2020.0;6.0;-0.040247777043300736;-0.16666666666666696;37517.6;6.166666666666667;37188.0;6.1000000000000005;37376.2;5.983333333333334;1.4848270002002506;0.33333333333333304;1;10;2025;33;LOW;0
ROU;2025Q4;36774.1;P;2020.0;6.166666666666667;-1.9422705152989828;0.16666666666666696;37502.5;6.0;37517.6;6.166666666666667;37245.55;6.108333333333333;-1.4011963524923066;0.5;1;11;2025;33;LOW;0
SVK;2023Q1;37867.6;A;2020.0;6.066666666666666;;;;;;;;;;;2;0;2023;34;LOW;0
SVK;2023Q2;38224.6;A;2020.0;5.833333333333333;0.9427584531367161;-0.2333333333333334;37867.6;6.066666666666666;;;38046.1;5.949999999999999;;;2;1;2023;34;LOW;0
SVK;2023Q3;38523.6;A;2020.0;5.833333333333333;0.7822187805758496;0.0;38224.6;5.833333333333333;37867.6;6.066666666666666;38205.26666666666;5.911111111111111;;;2;2;2023;34;LOW;0
SVK;2023Q4;38710.6;A;2020.0;5.666666666666667;0.48541673156194953;-0.16666666666666607;38523.6;5.833333333333333;38224.6;5.833333333333333;38331.6;5.85;;;2;3;2023;34;LOW;0
SVK;2024Q1;38937.7;A;2020.0;5.5;0.5866610179124043;-0.16666666666666696;38710.6;5.666666666666667;38523.6;5.833333333333333;38599.125;5.708333333333333;2.8258986574274614;-0.5666666666666664;2;4;2024;34;LOW;0
SVK;2024Q2;39041.2;A;2020.0;5.3;0.26580922858823186;-0.20000000000000018;38937.7;5.5;38710.6;5.666666666666667;38803.274999999994;5.575;2.1363205893586867;-0.5333333333333332;2;5;2024;34;LOW;0
SVK;2024Q3;39086.0;A;2020.0;5.3;0.1147505711914576;0.0;39041.2;5.3;38937.7;5.5;38943.875;5.441666666666667;1.459884330644079;-0.5333333333333332;2;6;2024;34;LOW;0
SVK;2024Q4;39194.4;A;2020.0;5.233333333333333;0.27733715396818237;-0.06666666666666643;39086.0;5.3;39041.2;5.3;39064.825;5.333333333333334;1.2497868800793732;-0.43333333333333357;2;7;2024;34;LOW;0
SVK;2025Q1;39259.2;A;2020.0;5.233333333333333;0.1653297409833998;0.0;39194.4;5.233333333333333;39086.0;5.3;39145.2;5.266666666666667;0.8256779419431481;-0.2666666666666666;2;8;2025;34;LOW;0
SVK;2025Q2;39333.9;A;2020.0;5.433333333333334;0.1902738721115238;0.20000000000000018;39259.2;5.233333333333333;39194.4;5.233333333333333;39218.375;5.3;0.7497208077620776;0.13333333333333375;2;9;2025;34;LOW;0
SVK;2025Q3;39450.0;A;2020.0;5.5;0.2951652391448567;0.06666666666666643;39333.9;5.433333333333334;39259.2;5.233333333333333;39309.375;5.35;0.9312797421071384;0.20000000000000018;2;10;2025;34;LOW;0
SVK;2025Q4;39556.1;A;2020.0;5.6000000000000005;0.2689480354879592;0.10000000000000053;39450.0;5.5;39333.9;5.433333333333334;39399.8;5.441666666666666;0.9228359153348409;0.36666666666666714;2;11;2025;34;LOW;0
SVN;2023Q1;46761.5;A;2020.0;3.6;;;;;;;;;;;2;0;2023;35;LOW;0
SVN;2023Q2;47355.7;A;2020.0;3.7999999999999994;1.2707034633191672;0.1999999999999993;46761.5;3.6;;;47058.6;3.6999999999999997;;;2;1;2023;35;LOW;0
SVN;2023Q3;47269.2;A;2020.0;3.6333333333333333;-0.18266016551333752;-0.16666666666666607;47355.7;3.7999999999999994;46761.5;3.6;47128.799999999996;3.6777777777777776;;;2;2;2023;35;LOW;0
SVN;2023Q4;47629.9;A;2020.0;3.5666666666666664;0.7630761679910059;-0.06666666666666687;47269.2;3.6333333333333333;47355.7;3.7999999999999994;47254.075;3.65;;;2;3;2023;35;LOW;0
SVN;2024Q1;48072.3;A;2020.0;3.3666666666666667;0.9288283200258762;-0.19999999999999973;47629.9;3.5666666666666664;47269.2;3.6333333333333333;47581.775;3.591666666666667;2.803160719822939;-0.2333333333333334;2;4;2024;35;LOW;0
SVN;2024Q2;47775.7;A;2020.0;3.6;-0.616987329501617;0.2333333333333334;48072.3;3.3666666666666667;47629.9;3.5666666666666664;47686.775;3.5416666666666665;0.8869048498913568;-0.1999999999999993;2;5;2024;35;LOW;0
SVN;2024Q3;47805.1;A;2020.0;4.1;0.061537559889246474;0.49999999999999956;47775.7;3.6;48072.3;3.3666666666666667;47820.75;3.658333333333333;1.1337192082793823;0.46666666666666634;2;6;2024;35;LOW;0
SVN;2024Q4;48053.6;A;2020.0;3.6666666666666665;0.5198190151260107;-0.4333333333333331;47805.1;4.1;47775.7;3.6;47926.675;3.683333333333333;0.8895672676197064;0.10000000000000009;2;7;2024;35;LOW;0
SVN;2025Q1;47648.8;A;2020.0;3.9;-0.8423926615279465;0.2333333333333334;48053.6;3.6666666666666665;47805.1;4.1;47820.799999999996;3.816666666666667;-0.8809647135668564;0.5333333333333332;2;8;2025;35;LOW;0
SVN;2025Q2;48092.1;A;2020.0;3.4333333333333336;0.9303487181208991;-0.46666666666666634;47648.8;3.9;48053.6;3.6666666666666665;47899.9;3.775;0.6622613588079362;-0.16666666666666652;2;9;2025;35;LOW;0
SVN;2025Q3;48552.1;A;2020.0;3.9;0.956498052694732;0.46666666666666634;48092.1;3.4333333333333336;47648.8;3.9;48086.65;3.725;1.5625947859119638;-0.19999999999999973;2;10;2025;35;LOW;0
SVN;2025Q4;48712.3;A;2020.0;4.2;0.3299548320258028;0.30000000000000027;48552.1;3.9;48092.1;3.4333333333333336;48251.325;3.8583333333333334;1.3707609835683643;0.5333333333333337;2;11;2025;35;LOW;0
SWE;2023Q1;59991.9;A;2020.0;7.333333333333333;;;;;;;;;;;2;0;2023;36;HIGH;1
SWE;2023Q2;59323.5;A;2020.0;7.5;-1.1141504103053923;0.16666666666666696;59991.9;7.333333333333333;;;59657.7;7.416666666666666;;;2;1;2023;36;HIGH;1
SWE;2023Q3;60123.8;A;2020.0;7.8;1.3490438022031759;0.2999999999999998;59323.5;7.5;59991.9;7.333333333333333;59813.06666666667;7.544444444444444;;;2;2;2023;36;HIGH;1
SWE;2023Q4;59112.8;A;2020.0;8.033333333333333;-1.6815304421876176;0.2333333333333334;60123.8;7.8;59323.5;7.5;59638.0;7.666666666666666;;;2;3;2023;36;HIGH;1
SWE;2024Q1;60890.2;A;2020.0;8.266666666666666;3.00679379085409;0.2333333333333325;59112.8;8.033333333333333;60123.8;7.8;59862.575000000004;7.9;1.4973688114562123;0.9333333333333327;2;4;2024;36;HIGH;1
SWE;2024Q2;60063.9;A;2020.0;8.333333333333334;-1.3570328230158468;0.0666666666666682;60890.2;8.266666666666666;59112.8;8.033333333333333;60047.675;8.108333333333334;1.2480720119345756;0.8333333333333339;2;5;2024;36;HIGH;1
SWE;2024Q3;60415.8;A;2020.0;8.5;0.5858760420152542;0.16666666666666607;60063.9;8.333333333333334;60890.2;8.266666666666666;60120.675;8.283333333333333;0.48566457875249824;0.7000000000000002;2;6;2024;36;HIGH;1
SWE;2024Q4;61053.4;A;2020.0;8.333333333333334;1.0553530698923064;-0.16666666666666607;60415.8;8.5;60063.9;8.333333333333334;60605.825000000004;8.358333333333334;3.2828761283512087;0.3000000000000007;2;7;2024;36;HIGH;1
SWE;2025Q1;60735.9;A;2020.0;8.933333333333334;-0.5200365581605637;0.5999999999999996;61053.4;8.333333333333334;60415.8;8.5;60567.25;8.525;-0.2534069521860638;0.6666666666666679;2;8;2025;36;HIGH;1
SWE;2025Q2;61393.0;A;2020.0;8.666666666666666;1.0818971975388392;-0.2666666666666675;60735.9;8.933333333333334;61053.4;8.333333333333334;60899.525;8.608333333333334;2.2128100239911186;0.33333333333333215;2;9;2025;36;HIGH;1
SWE;2025Q3;61542.2;A;2020.0;8.799999999999999;0.24302444904140685;0.13333333333333286;61393.0;8.666666666666666;60735.9;8.933333333333334;61181.125;8.683333333333334;1.8644129515788865;0.29999999999999893;2;10;2025;36;HIGH;1
SWE;2025Q4;62002.2;A;2020.0;9.033333333333333;0.7474545921335229;0.23333333333333428;61542.2;8.799999999999999;61393.0;8.666666666666666;61418.325;8.858333333333333;1.5540494059298915;0.6999999999999993;2;11;2025;36;HIGH;1
USA;2023Q1;70380.4;A;2020.0;3.533333333333333;;;;;;;;;;;2;0;2023;37;HIGH;1
USA;2023Q2;70683.5;A;2020.0;3.533333333333333;0.4306596722951417;0.0;70380.4;3.533333333333333;;;70531.95;3.533333333333333;;;2;1;2023;37;HIGH;1
USA;2023Q3;71328.3;A;2020.0;3.6333333333333333;0.912235528800931;0.10000000000000009;70683.5;3.533333333333333;70380.4;3.533333333333333;70797.40000000001;3.5666666666666664;;;2;2;2023;37;HIGH;1
USA;2023Q4;71750.5;A;2020.0;3.8000000000000003;0.5919109245558829;0.16666666666666696;71328.3;3.6333333333333333;70683.5;3.533333333333333;71035.675;3.625;;;2;3;2023;37;HIGH;1
USA;2024Q1;71742.9;A;2020.0;3.8333333333333335;-0.010592260681119292;0.033333333333333215;71750.5;3.8000000000000003;71328.3;3.6333333333333333;71376.3;3.7;1.9359082926496685;0.30000000000000027;2;4;2024;37;HIGH;1
USA;2024Q2;72208.8;A;2020.0;3.9666666666666663;0.649402240500474;0.13333333333333286;71742.9;3.8333333333333335;71750.5;3.8000000000000003;71757.625;3.8083333333333336;2.157929361166322;0.4333333333333331;2;5;2024;37;HIGH;1
USA;2024Q3;72658.6;A;2020.0;4.166666666666667;0.6229157664993767;0.20000000000000062;72208.8;3.9666666666666663;71742.9;3.8333333333333335;72090.20000000001;3.941666666666667;1.865038140541686;0.5333333333333337;2;6;2024;37;HIGH;1
USA;2024Q4;72887.2;A;2020.0;4.133333333333333;0.3146220819008283;-0.0333333333333341;72658.6;4.166666666666667;72208.8;3.9666666666666663;72374.375;4.025;1.5842398310813133;0.3333333333333326;2;7;2024;37;HIGH;1
USA;2025Q1;72688.6;A;2020.0;4.133333333333334;-0.27247582565936845;8.881784197001252e-16;72887.2;4.133333333333333;72658.6;4.166666666666667;72610.8;4.1;1.3181792205221754;0.30000000000000027;2;8;2025;37;HIGH;1
USA;2025Q2;73289.0;A;2020.0;4.2;0.8259892197675978;0.06666666666666643;72688.6;4.133333333333334;72887.2;4.133333333333333;72880.85;4.158333333333333;1.495939553073855;0.23333333333333384;2;9;2025;37;HIGH;1
USA;2025Q3;73993.4;A;2020.0;4.333333333333333;0.961126499201792;0.13333333333333286;73289.0;4.2;72688.6;4.133333333333334;73214.55;4.2;1.8370846671969865;0.16666666666666607;2;10;2025;37;HIGH;1
USA;2025Q4;74027.1;A;2020.0;4.45;0.045544602626734765;0.11666666666666714;73993.4;4.333333333333333;73289.0;4.2;73499.525;4.279166666666667;1.5639234323722162;0.3166666666666673;2;11;2025;37;HIGH;1
